Status of existing checking account,Duration,Credit history,Purpose,Credit amount,Savings account/bonds,Present employment since,Installment rate,personal status,Other debtors,Present residence since,Property,Age,Other installment plans,Housing,Number of existing credits,Job,Number of people,Telephone,foreign worker,class
A11,12,A32,A41,8335,A61,A75,1,A93,A101,4,A123,47,A143,A152,1,A173,1,A191,A201,1
A14,24,A34,A40,804,A61,A75,4,A93,A101,4,A123,71,A143,A152,1,A173,1,A191,A201,1
A11,9,A33,A42,5371,A65,A73,1,A94,A101,4,A123,52,A143,A152,2,A174,1,A192,A201,1
A12,36,A32,A44,3990,A61,A72,1,A92,A101,2,A123,25,A143,A152,1,A172,1,A191,A201,1
A14,48,A32,A40,4261,A61,A73,4,A92,A101,2,A123,24,A143,A152,1,A173,1,A192,A201,1
A14,24,A32,A41,2346,A61,A74,4,A93,A101,3,A123,30,A143,A152,2,A173,1,A192,A201,1
A12,20,A32,A41,6468,A61,A73,4,A94,A101,4,A122,30,A141,A152,1,A174,1,A192,A201,1
A14,24,A34,A40,701,A61,A73,2,A93,A101,2,A123,32,A143,A152,2,A172,1,A191,A201,1
A12,48,A32,A40,12169,A61,A73,4,A93,A101,4,A122,30,A143,A152,1,A174,1,A192,A201,1
A12,12,A32,A40,3195,A61,A74,4,A92,A101,2,A123,33,A143,A152,1,A172,1,A191,A201,2
A14,24,A32,A42,2578,A61,A75,2,A94,A101,4,A123,34,A143,A152,1,A173,1,A191,A201,1
A14,15,A34,A43,2743,A61,A75,4,A93,A101,2,A123,25,A143,A152,2,A173,1,A191,A201,1
A14,24,A32,A45,10293,A61,A75,2,A92,A101,4,A122,42,A143,A152,1,A173,1,A191,A201,1
A13,12,A32,A41,13570,A61,A75,2,A93,A101,2,A123,67,A143,A152,1,A172,1,A191,A201,1
A11,18,A32,A42,3650,A61,A72,2,A92,A101,4,A123,22,A143,A152,1,A173,1,A191,A201,1
A12,15,A32,A45,1514,A65,A73,4,A93,A101,4,A122,22,A143,A152,1,A173,1,A191,A201,1
A11,9,A32,A43,2606,A61,A72,4,A92,A101,4,A123,28,A143,A152,1,A174,1,A192,A201,1
A11,24,A32,A410,1747,A61,A72,2,A93,A101,3,A123,24,A143,A152,1,A172,1,A191,A201,1
A13,24,A32,A42,14588,A61,A73,4,A92,A101,2,A123,46,A143,A152,1,A174,1,A191,A201,1
A12,30,A32,A40,5027,A61,A72,2,A93,A101,2,A123,30,A143,A153,1,A174,1,A191,A201,1
A12,10,A32,A43,1048,A61,A73,4,A93,A101,4,A121,23,A141,A152,1,A172,1,A192,A201,1
A11,48,A32,A43,6999,A61,A74,4,A94,A101,2,A122,34,A143,A152,2,A173,1,A192,A201,1
A14,48,A33,A49,7582,A62,A73,2,A93,A101,2,A123,31,A143,A153,1,A174,1,A191,A201,1
A11,24,A32,A42,1747,A61,A72,2,A93,A101,1,A123,24,A143,A152,1,A172,1,A191,A201,2
A11,21,A32,A40,3763,A62,A75,2,A93,A101,2,A122,70,A143,A152,1,A173,1,A192,A201,1
A14,24,A32,A43,1278,A61,A75,4,A93,A101,4,A122,36,A143,A152,1,A173,1,A192,A201,1
A12,10,A32,A42,1924,A61,A73,4,A92,A101,3,A123,38,A142,A151,1,A173,1,A191,A201,1
A13,15,A32,A43,2327,A61,A72,2,A92,A101,3,A123,25,A143,A152,1,A172,1,A191,A201,1
A11,24,A32,A43,6278,A61,A74,4,A92,A101,2,A123,47,A143,A152,1,A172,1,A192,A201,1
A11,15,A34,A42,1049,A61,A72,4,A92,A101,4,A123,21,A143,A152,1,A173,1,A191,A201,2
A12,24,A32,A43,2930,A61,A75,4,A92,A101,4,A121,55,A143,A152,1,A173,1,A191,A201,1
A11,30,A32,A41,2812,A61,A75,2,A94,A101,4,A123,26,A142,A151,1,A173,1,A191,A201,1
A14,12,A34,A42,12954,A61,A74,4,A93,A101,2,A123,52,A143,A152,1,A173,1,A191,A201,1
A14,24,A33,A41,929,A61,A74,4,A93,A101,2,A122,31,A143,A152,2,A174,1,A192,A201,1
A14,24,A32,A42,2333,A65,A72,2,A92,A101,4,A122,25,A143,A152,1,A172,1,A192,A201,1
A14,10,A32,A40,1597,A62,A73,4,A93,A101,2,A122,30,A143,A152,1,A172,1,A191,A201,1
A14,12,A32,A40,2108,A62,A74,2,A93,A101,2,A123,25,A143,A152,1,A173,1,A191,A201,1
A14,12,A32,A41,1236,A61,A72,4,A92,A101,4,A123,23,A143,A152,1,A173,1,A191,A201,1
A14,44,A32,A41,2390,A61,A75,4,A93,A101,3,A123,30,A143,A152,1,A173,1,A192,A201,1
A11,24,A32,A40,1168,A61,A73,4,A94,A101,3,A123,27,A143,A152,1,A172,1,A191,A201,2
A11,34,A32,A45,3590,A65,A73,4,A93,A101,2,A122,25,A141,A151,1,A172,1,A191,A201,1
A14,24,A34,A410,2022,A61,A75,4,A92,A101,4,A123,37,A143,A152,1,A173,1,A191,A201,1
A11,24,A34,A40,691,A61,A75,4,A93,A101,3,A123,35,A143,A152,2,A173,1,A191,A201,1
A12,12,A32,A43,866,A61,A72,2,A93,A101,4,A122,25,A143,A152,1,A172,1,A191,A201,1
A12,12,A32,A42,3001,A61,A74,2,A92,A101,4,A122,40,A143,A152,1,A173,1,A191,A201,2
A14,30,A32,A41,4811,A65,A74,2,A92,A101,4,A122,24,A142,A151,1,A172,1,A191,A201,1
A11,24,A34,A43,1934,A61,A75,4,A94,A101,2,A123,26,A143,A152,1,A173,1,A191,A201,1
A12,24,A32,A43,1092,A65,A73,4,A94,A101,4,A122,49,A143,A151,2,A173,1,A192,A201,1
A11,24,A32,A43,3660,A61,A73,2,A92,A101,4,A123,28,A143,A152,1,A173,1,A191,A201,1
A12,12,A32,A41,15253,A61,A75,4,A92,A101,4,A121,36,A143,A153,1,A173,1,A192,A201,1
A12,15,A32,A43,1444,A61,A72,4,A92,A101,1,A123,23,A143,A152,1,A173,1,A191,A201,1
A12,24,A32,A49,841,A65,A74,4,A92,A101,4,A123,23,A143,A152,1,A172,1,A191,A201,1
A12,30,A32,A43,1715,A61,A73,2,A92,A101,4,A123,26,A143,A152,1,A173,1,A191,A201,2
A12,24,A33,A40,1965,A61,A73,4,A94,A101,4,A123,42,A143,A152,2,A173,1,A192,A201,1
A11,24,A32,A40,2121,A61,A75,4,A92,A101,4,A122,30,A143,A152,2,A173,1,A191,A201,1
A14,30,A32,A40,3518,A61,A75,2,A93,A101,3,A123,26,A143,A151,1,A173,1,A192,A201,1
A14,40,A32,A45,4526,A61,A73,1,A93,A101,2,A121,74,A143,A152,1,A174,1,A191,A201,1
A11,24,A32,A42,1858,A61,A72,4,A92,A101,4,A123,22,A143,A152,1,A173,1,A191,A201,1
A11,24,A34,A410,1164,A61,A75,4,A92,A101,4,A123,71,A143,A152,1,A172,1,A192,A201,1
A14,24,A33,A45,1555,A65,A75,4,A93,A101,4,A122,35,A143,A152,2,A173,1,A191,A201,1
A13,51,A32,A44,2687,A61,A72,2,A93,A101,4,A123,26,A143,A152,1,A172,1,A192,A201,1
A13,24,A32,A41,3913,A61,A73,2,A93,A101,4,A123,30,A143,A152,1,A173,1,A192,A201,1
A12,24,A34,A410,11938,A61,A73,2,A93,A101,3,A123,30,A143,A152,2,A174,1,A192,A201,1
A12,12,A32,A43,1082,A61,A75,4,A93,A101,4,A123,27,A143,A152,2,A172,1,A191,A201,1
A14,24,A34,A410,1516,A65,A73,4,A94,A101,3,A122,70,A143,A152,2,A173,1,A191,A201,1
A11,24,A32,A49,6568,A61,A73,2,A94,A101,2,A123,21,A141,A152,1,A172,1,A191,A201,1
A12,30,A34,A42,8386,A61,A74,2,A93,A101,2,A123,24,A143,A152,1,A173,1,A191,A201,1
A11,24,A32,A40,1274,A61,A72,4,A92,A101,4,A123,37,A143,A152,1,A172,1,A191,A201,1
A12,20,A33,A410,7057,A65,A74,1,A93,A101,4,A123,30,A143,A151,2,A173,1,A191,A201,1
A14,30,A32,A42,1533,A61,A72,4,A94,A101,2,A123,43,A143,A152,1,A172,1,A191,A201,1
A13,39,A34,A49,4861,A65,A73,4,A93,A101,4,A123,35,A143,A152,2,A172,1,A192,A201,1
A11,21,A34,A42,1872,A61,A73,4,A93,A101,4,A122,42,A143,A152,1,A172,1,A191,A201,1
A14,24,A34,A46,1393,A61,A75,4,A92,A101,4,A123,47,A141,A152,1,A173,1,A191,A201,1
A12,24,A32,A49,4241,A61,A73,4,A93,A101,4,A122,30,A143,A152,1,A172,1,A192,A201,1
A11,24,A32,A43,3660,A61,A73,2,A92,A101,4,A123,28,A143,A152,1,A173,1,A191,A201,1
A14,24,A32,A42,1552,A61,A74,1,A92,A101,4,A123,32,A143,A152,1,A173,1,A191,A201,2
A13,42,A34,A49,6289,A61,A72,2,A94,A101,4,A121,33,A143,A152,2,A173,1,A191,A201,1
A14,36,A34,A43,2394,A61,A73,2,A92,A101,4,A123,25,A143,A152,1,A173,1,A191,A201,1
A12,24,A32,A43,2576,A61,A73,2,A92,A101,2,A123,25,A143,A152,1,A173,1,A191,A201,1
A11,24,A32,A41,6579,A61,A73,4,A93,A101,2,A123,25,A143,A152,1,A174,1,A192,A201,2
A14,36,A32,A42,3349,A61,A73,4,A92,A101,2,A123,28,A143,A152,1,A174,1,A192,A201,1
A11,15,A34,A42,1433,A61,A73,4,A92,A101,3,A123,25,A143,A152,2,A173,1,A191,A201,1
A11,14,A32,A40,3973,A61,A73,4,A93,A101,4,A122,22,A143,A152,1,A173,1,A191,A201,1
A11,15,A32,A43,2522,A62,A75,4,A93,A101,3,A123,28,A143,A152,1,A173,1,A191,A201,1
A12,24,A33,A43,585,A61,A73,4,A94,A101,4,A122,20,A143,A152,2,A173,1,A191,A201,1
A12,30,A32,A43,1867,A61,A74,1,A92,A101,4,A123,58,A143,A152,1,A173,1,A192,A201,1
A14,15,A32,A41,1471,A61,A73,4,A93,A101,4,A123,35,A141,A152,2,A173,1,A192,A201,1
A11,30,A34,A42,4583,A61,A73,2,A94,A101,2,A121,32,A143,A152,2,A173,1,A191,A201,1
A11,24,A32,A43,2439,A61,A72,4,A92,A101,4,A122,35,A143,A152,1,A173,1,A192,A201,1
A12,45,A32,A41,4576,A61,A73,1,A93,A101,4,A123,30,A142,A152,1,A173,1,A191,A201,1
A13,42,A32,A41,3447,A62,A73,4,A94,A101,3,A124,35,A143,A152,1,A172,1,A191,A201,1
A11,40,A32,A43,8466,A61,A73,4,A93,A101,4,A122,67,A143,A152,1,A174,1,A192,A201,1
A12,30,A32,A42,3832,A61,A72,2,A94,A101,1,A122,22,A143,A152,1,A173,1,A191,A201,1
A13,15,A32,A46,392,A61,A72,4,A92,A101,4,A123,23,A143,A152,1,A173,1,A192,A201,1
A12,27,A33,A41,5965,A61,A75,1,A93,A101,2,A123,30,A143,A152,2,A174,1,A192,A201,1
A13,30,A33,A49,1908,A61,A75,4,A93,A101,4,A123,66,A143,A152,1,A174,1,A192,A201,1
A12,39,A34,A41,5800,A61,A73,1,A93,A101,4,A123,21,A143,A152,2,A173,1,A191,A201,1
A14,24,A32,A42,1543,A65,A73,4,A94,A101,2,A123,33,A143,A152,1,A173,1,A191,A201,1
A11,14,A32,A40,3973,A61,A73,4,A93,A101,4,A122,22,A143,A152,1,A173,1,A191,A201,2
A14,42,A32,A41,7820,A61,A72,4,A93,A101,2,A123,32,A142,A153,1,A174,1,A191,A201,1
A14,24,A34,A42,601,A61,A72,4,A92,A101,1,A121,23,A143,A152,1,A172,1,A191,A201,1
A11,24,A32,A44,741,A61,A73,4,A92,A101,3,A123,22,A143,A152,1,A173,1,A191,A201,1
A14,24,A32,A49,5070,A61,A73,2,A93,A101,2,A122,70,A143,A152,1,A173,1,A192,A201,1
A13,6,A32,A42,428,A61,A72,2,A92,A101,4,A122,24,A143,A152,1,A173,1,A191,A201,1
A11,20,A34,A40,2235,A61,A73,4,A94,A101,2,A121,33,A143,A152,2,A173,1,A191,A201,1
A11,15,A34,A49,3939,A61,A73,1,A93,A101,2,A123,40,A143,A152,1,A172,1,A191,A201,1
A14,24,A34,A49,3871,A65,A75,4,A93,A101,4,A123,57,A143,A152,1,A172,1,A191,A201,1
A12,24,A32,A42,3069,A61,A75,4,A93,A101,4,A122,30,A143,A152,1,A173,1,A191,A201,2
A12,15,A34,A43,1245,A61,A73,4,A94,A101,2,A123,33,A143,A152,1,A173,1,A191,A201,1
A12,24,A33,A43,7238,A61,A75,1,A94,A101,4,A123,60,A143,A152,1,A172,1,A192,A201,1
A14,24,A32,A42,3017,A61,A72,4,A92,A101,1,A123,34,A143,A152,1,A173,1,A191,A201,1
A12,24,A32,A42,2762,A61,A75,4,A92,A101,2,A123,25,A143,A152,1,A173,1,A192,A201,1
A14,41,A32,A43,9872,A65,A72,4,A94,A101,3,A123,38,A143,A152,1,A174,1,A191,A201,1
A12,30,A33,A49,9857,A61,A74,4,A93,A101,3,A123,31,A143,A152,2,A172,1,A192,A201,1
A14,10,A32,A42,2210,A61,A73,2,A93,A101,2,A123,25,A143,A152,1,A172,1,A191,A201,1
A12,24,A34,A42,14430,A61,A73,1,A94,A101,2,A121,40,A143,A152,1,A173,1,A192,A201,1
A13,24,A32,A40,1961,A61,A75,1,A92,A101,2,A123,23,A143,A152,1,A174,1,A191,A201,1
A11,24,A32,A41,6579,A61,A73,4,A93,A101,2,A123,25,A143,A152,1,A174,1,A192,A201,2
A12,11,A33,A43,4771,A61,A74,2,A93,A101,4,A123,42,A143,A151,1,A173,1,A191,A201,1
A14,24,A32,A45,518,A61,A73,4,A92,A101,4,A122,63,A143,A152,1,A173,1,A191,A201,1
A12,24,A32,A43,1567,A61,A72,4,A94,A101,2,A123,35,A143,A152,1,A173,1,A191,A201,1
A12,48,A33,A43,13624,A61,A74,4,A93,A101,3,A123,68,A143,A152,2,A172,1,A192,A201,1
A14,24,A32,A42,1559,A61,A74,4,A93,A101,4,A123,30,A143,A152,1,A173,1,A192,A201,1
A11,24,A32,A40,2910,A62,A72,2,A93,A101,3,A121,34,A141,A152,2,A174,1,A192,A201,1
A11,48,A32,A46,7476,A61,A74,4,A93,A101,4,A121,50,A143,A152,1,A174,1,A192,A201,1
A12,36,A32,A41,9398,A61,A72,4,A94,A101,4,A123,28,A143,A152,1,A174,1,A192,A201,1
A13,12,A32,A43,2100,A61,A73,4,A93,A101,2,A123,37,A143,A152,1,A173,1,A191,A201,1
A14,24,A32,A49,2142,A65,A75,4,A93,A101,2,A123,71,A143,A152,2,A173,1,A192,A201,1
A11,30,A33,A42,8302,A61,A74,1,A94,A101,2,A123,46,A143,A152,2,A173,1,A192,A201,1
A14,12,A32,A42,4611,A61,A72,4,A92,A101,4,A123,32,A143,A152,1,A173,1,A191,A201,1
A14,24,A32,A42,1402,A65,A74,4,A92,A101,4,A123,37,A143,A152,1,A172,1,A192,A201,1
A14,15,A34,A42,1221,A65,A72,4,A94,A101,4,A123,70,A143,A152,2,A172,1,A192,A201,1
A14,24,A32,A40,1249,A61,A72,4,A94,A101,4,A122,28,A143,A152,1,A173,1,A191,A201,1
A14,48,A34,A46,6110,A61,A73,1,A93,A101,3,A124,31,A141,A153,1,A173,1,A192,A201,1
A12,15,A34,A40,1056,A61,A75,1,A93,A101,3,A124,30,A143,A152,2,A173,1,A191,A201,1
A14,36,A32,A46,9055,A65,A73,4,A93,A101,4,A123,35,A141,A153,1,A172,1,A192,A201,1
A11,48,A32,A42,10424,A62,A73,4,A93,A101,2,A123,32,A143,A152,2,A173,1,A192,A201,1
A14,24,A32,A43,886,A61,A73,4,A92,A101,2,A123,21,A143,A152,2,A172,1,A192,A201,1
A11,24,A32,A40,900,A61,A73,4,A94,A101,2,A123,23,A143,A152,1,A173,1,A191,A201,1
A12,40,A34,A42,1240,A61,A75,1,A94,A101,4,A122,38,A142,A152,2,A173,1,A191,A201,1
A11,24,A34,A40,2122,A61,A73,1,A94,A101,2,A123,30,A143,A152,2,A172,1,A191,A201,1
A12,15,A34,A43,14964,A61,A72,4,A94,A101,2,A123,27,A143,A152,1,A173,1,A192,A201,1
A12,40,A32,A43,6756,A65,A74,1,A94,A101,4,A122,60,A143,A152,1,A174,1,A191,A201,1
A14,15,A34,A42,12074,A61,A73,4,A93,A101,2,A123,61,A143,A152,1,A174,1,A191,A201,1
A13,34,A32,A410,9416,A61,A73,2,A93,A101,2,A123,30,A143,A152,1,A172,1,A192,A201,1
A11,6,A32,A44,7200,A61,A72,4,A92,A101,4,A123,27,A143,A152,2,A174,1,A192,A201,1
A11,24,A34,A41,2957,A61,A75,4,A93,A101,4,A121,38,A143,A152,2,A173,1,A192,A201,1
A14,24,A34,A43,15228,A61,A74,2,A92,A101,4,A123,26,A143,A152,2,A173,1,A192,A201,1
A14,12,A32,A42,1313,A61,A75,4,A93,A101,4,A123,20,A143,A152,1,A173,1,A191,A201,2
A12,24,A32,A40,1967,A61,A75,2,A94,A101,2,A123,30,A143,A152,1,A173,1,A192,A201,1
A12,21,A32,A46,12056,A62,A75,2,A92,A101,2,A123,65,A143,A152,1,A173,1,A191,A201,1
A12,45,A34,A43,4746,A61,A72,4,A93,A101,2,A121,25,A143,A152,2,A172,1,A191,A201,1
A14,24,A32,A40,3527,A61,A72,4,A93,A101,4,A123,45,A143,A152,1,A174,1,A191,A201,1
A12,24,A32,A42,3069,A61,A75,4,A93,A101,4,A122,30,A143,A152,1,A173,1,A191,A201,2
A12,42,A32,A41,9283,A61,A73,2,A93,A101,2,A123,30,A143,A152,1,A174,1,A192,A201,1
A14,24,A32,A41,3029,A61,A73,2,A93,A101,4,A123,30,A141,A152,1,A172,1,A191,A201,1
A14,30,A34,A42,2288,A61,A72,2,A94,A101,2,A123,23,A143,A151,1,A173,1,A192,A201,1
A12,24,A34,A410,1995,A61,A73,4,A93,A101,4,A123,47,A143,A152,1,A173,1,A191,A201,1
A11,12,A32,A43,2329,A61,A72,4,A93,A101,3,A123,21,A143,A152,1,A173,1,A192,A201,1
A14,12,A33,A40,1224,A61,A75,4,A94,A101,4,A123,30,A143,A152,1,A172,1,A191,A201,1
A12,21,A32,A40,1042,A61,A73,4,A92,A101,2,A123,33,A143,A152,1,A173,1,A191,A201,1
A13,24,A32,A41,3757,A61,A75,4,A93,A101,2,A124,31,A143,A151,1,A173,1,A191,A201,1
A12,24,A32,A42,1382,A61,A74,4,A94,A101,4,A123,28,A143,A152,2,A173,1,A192,A201,1
A14,24,A34,A40,958,A61,A74,2,A92,A101,3,A121,47,A143,A152,2,A172,1,A191,A201,1
A11,36,A33,A49,2145,A61,A74,2,A93,A101,4,A123,24,A143,A152,2,A173,1,A192,A201,1
A12,12,A32,A43,9354,A61,A75,4,A93,A101,4,A123,50,A143,A152,1,A173,1,A191,A201,1
A12,15,A32,A44,2326,A65,A73,2,A94,A101,4,A123,27,A143,A152,1,A173,1,A191,A201,1
A14,25,A34,A44,13320,A61,A73,4,A93,A101,3,A122,75,A143,A153,1,A173,1,A192,A201,1
A14,15,A34,A46,1864,A61,A73,4,A92,A101,2,A123,30,A143,A152,2,A173,1,A191,A201,1
A14,24,A34,A41,1585,A61,A74,4,A93,A101,1,A122,30,A143,A152,1,A172,1,A192,A201,1
A14,36,A34,A40,3079,A61,A74,4,A93,A101,1,A123,36,A143,A152,1,A173,1,A191,A201,1
A14,24,A33,A42,7678,A65,A74,4,A93,A101,4,A123,30,A143,A152,2,A173,1,A191,A201,1
A11,36,A32,A40,3249,A61,A74,2,A93,A101,4,A122,30,A143,A152,1,A174,1,A192,A201,1
A12,24,A34,A42,1935,A61,A75,2,A94,A101,4,A123,43,A143,A152,1,A172,1,A191,A201,1
A14,15,A32,A40,3568,A61,A75,4,A92,A101,4,A123,30,A143,A152,1,A174,1,A191,A201,1
A11,48,A34,A41,6331,A61,A75,4,A93,A101,4,A122,38,A143,A152,2,A173,1,A192,A201,1
A12,24,A32,A41,4113,A61,A72,1,A92,A101,4,A123,28,A143,A152,1,A173,1,A191,A201,1
A14,10,A32,A41,2901,A65,A72,1,A92,A101,4,A123,72,A143,A152,1,A173,1,A191,A201,1
A14,24,A32,A49,4139,A65,A73,1,A93,A101,3,A123,38,A143,A152,2,A173,1,A192,A201,1
A14,12,A32,A43,15486,A61,A72,4,A94,A101,4,A123,30,A143,A152,1,A172,1,A191,A201,1
A14,24,A34,A45,660,A62,A74,2,A94,A101,4,A123,23,A143,A152,1,A172,1,A191,A201,1
A11,24,A32,A41,3386,A61,A75,4,A93,A101,4,A122,30,A143,A152,1,A173,1,A192,A201,1
A14,9,A32,A42,7127,A61,A72,2,A92,A101,4,A123,23,A143,A152,2,A173,1,A191,A201,2
A12,12,A34,A46,1501,A61,A75,2,A92,A101,3,A123,34,A143,A152,2,A174,1,A192,A201,1
A12,20,A32,A41,6148,A65,A75,4,A94,A101,4,A123,31,A143,A152,2,A173,1,A192,A201,1
A14,34,A33,A49,1950,A65,A74,4,A92,A101,4,A123,31,A143,A153,2,A173,1,A192,A201,1
A14,24,A32,A43,1595,A61,A72,4,A94,A101,4,A123,31,A143,A152,1,A174,1,A191,A201,1
A12,24,A32,A40,3512,A62,A74,2,A93,A101,3,A123,30,A143,A152,2,A173,1,A192,A201,1
A11,12,A32,A43,1154,A65,A72,2,A92,A101,4,A123,25,A143,A152,1,A174,1,A191,A201,1
A11,18,A32,A43,2389,A61,A72,4,A92,A101,2,A123,27,A143,A152,1,A173,1,A191,A201,2
A14,39,A32,A40,11394,A62,A72,4,A93,A101,2,A123,30,A143,A152,1,A173,1,A191,A201,1
A11,24,A32,A42,7721,A65,A72,1,A92,A101,2,A122,30,A143,A152,1,A173,1,A192,A202,1
A14,24,A34,A46,1393,A61,A72,4,A92,A101,4,A123,35,A143,A152,2,A173,1,A191,A201,2
A14,15,A33,A40,3556,A61,A73,4,A93,A101,4,A123,25,A143,A153,1,A173,1,A191,A201,1
A14,15,A32,A43,1979,A65,A73,4,A93,A101,4,A123,42,A143,A152,2,A174,1,A191,A201,1
A14,24,A34,A49,14259,A61,A75,4,A93,A101,4,A123,28,A143,A151,1,A173,1,A192,A201,1
A13,12,A32,A43,1337,A61,A72,4,A93,A101,2,A123,34,A143,A152,2,A174,1,A192,A201,1
A12,26,A32,A41,1250,A61,A74,2,A93,A101,3,A123,30,A143,A152,1,A173,1,A192,A201,1
A14,24,A34,A40,2080,A61,A72,1,A94,A101,4,A123,74,A141,A152,1,A172,1,A192,A201,1
A14,36,A32,A44,1453,A61,A72,4,A94,A101,2,A122,26,A143,A152,1,A173,1,A191,A201,1
A12,18,A32,A42,3244,A61,A73,2,A92,A101,4,A123,33,A143,A152,2,A173,1,A192,A201,1
A13,17,A32,A43,9735,A65,A73,4,A93,A101,4,A123,24,A143,A152,1,A174,1,A192,A201,1
A11,24,A34,A43,385,A61,A74,4,A92,A101,4,A122,58,A143,A152,1,A173,1,A191,A201,1
A12,12,A32,A42,918,A61,A73,4,A92,A101,4,A123,30,A143,A152,1,A173,1,A191,A201,1
A14,18,A32,A42,2708,A62,A73,2,A93,A101,1,A123,70,A143,A152,2,A172,1,A192,A201,1
A11,15,A32,A40,662,A61,A72,1,A93,A101,4,A123,25,A143,A152,1,A172,1,A192,A201,1
A11,24,A32,A40,1372,A61,A74,2,A94,A101,3,A123,36,A143,A152,1,A173,1,A191,A201,1
A14,36,A34,A40,6614,A61,A75,4,A92,A101,4,A123,34,A142,A152,2,A173,1,A191,A201,1
A11,21,A34,A40,1602,A61,A75,4,A94,A101,3,A123,30,A143,A152,2,A173,1,A192,A201,2
A11,24,A32,A49,12488,A61,A72,4,A93,A101,2,A121,33,A143,A152,1,A174,1,A191,A201,1
A14,24,A34,A43,3430,A62,A75,1,A94,A101,4,A122,44,A143,A152,1,A173,1,A192,A201,1
A14,24,A33,A41,2476,A65,A75,4,A92,A101,4,A123,30,A143,A152,1,A173,1,A192,A201,1
A13,12,A32,A41,4716,A65,A72,1,A94,A101,3,A124,44,A143,A152,2,A172,1,A191,A201,1
A14,44,A32,A44,1542,A61,A73,4,A94,A101,4,A123,36,A143,A152,1,A173,1,A192,A201,1
A14,30,A34,A49,3077,A61,A75,1,A93,A101,2,A123,40,A143,A152,2,A173,1,A192,A201,1
A11,12,A34,A45,2799,A61,A73,4,A93,A101,2,A123,27,A143,A152,2,A173,1,A192,A201,1
A11,24,A33,A40,6730,A61,A74,1,A92,A101,4,A121,39,A143,A151,1,A172,1,A191,A201,1
A11,24,A32,A40,14016,A61,A73,4,A92,A101,2,A123,71,A143,A153,1,A173,1,A191,A201,1
A14,24,A34,A43,2424,A65,A75,4,A93,A101,4,A122,53,A143,A152,2,A173,1,A191,A201,1
A11,15,A32,A40,1403,A61,A73,2,A92,A101,4,A123,28,A143,A152,1,A173,1,A191,A201,1
A12,48,A32,A49,12204,A62,A73,2,A93,A101,2,A123,28,A143,A152,1,A174,1,A192,A201,1
A12,24,A33,A40,7432,A61,A73,2,A92,A101,2,A123,54,A143,A152,1,A173,1,A191,A201,1
A14,24,A32,A42,2828,A61,A73,2,A93,A101,4,A122,22,A143,A152,1,A173,1,A192,A201,2
A11,24,A34,A49,12592,A61,A75,4,A93,A101,1,A123,52,A143,A152,1,A173,1,A191,A201,1
A14,24,A32,A49,13952,A61,A74,4,A93,A101,2,A123,27,A143,A152,2,A173,1,A191,A201,1
A14,6,A32,A43,753,A61,A73,2,A92,A101,4,A123,21,A143,A152,1,A173,1,A192,A201,1
A14,60,A32,A40,6527,A61,A73,4,A93,A101,4,A123,34,A143,A152,1,A173,1,A192,A201,2
A13,36,A32,A43,4473,A61,A75,4,A93,A101,2,A123,31,A143,A152,1,A173,1,A191,A201,2
A14,12,A32,A42,2136,A61,A73,4,A94,A101,2,A123,25,A143,A152,1,A173,1,A192,A201,1
A13,24,A32,A41,4679,A61,A74,1,A92,A101,1,A122,35,A143,A152,2,A172,1,A191,A201,1
A14,30,A32,A49,5003,A65,A73,2,A92,A101,4,A123,31,A142,A152,1,A172,1,A191,A201,1
A14,30,A34,A43,5771,A61,A74,4,A92,A101,2,A123,25,A143,A152,2,A174,1,A192,A201,1
A14,36,A34,A45,2613,A61,A73,4,A93,A101,2,A123,27,A143,A152,2,A173,1,A191,A201,1
A14,42,A32,A44,11213,A61,A75,4,A93,A101,4,A123,34,A143,A152,1,A173,1,A191,A201,1
A13,24,A34,A40,939,A62,A74,4,A94,A101,2,A123,28,A143,A152,1,A173,1,A192,A201,1
A14,24,A32,A43,1901,A62,A73,2,A94,A101,4,A123,25,A143,A152,1,A172,1,A192,A201,1
A14,24,A32,A40,1344,A61,A74,4,A93,A101,2,A123,43,A143,A152,2,A172,1,A191,A201,1
A14,36,A33,A49,7980,A61,A72,4,A93,A101,4,A123,27,A143,A152,2,A173,1,A192,A201,1
A14,12,A32,A40,9124,A61,A75,4,A93,A101,4,A123,32,A143,A152,1,A173,1,A191,A201,1
A14,30,A34,A41,11054,A62,A73,4,A94,A101,2,A123,30,A143,A152,2,A174,1,A191,A201,1
A14,24,A34,A40,1163,A62,A73,4,A94,A101,4,A122,30,A143,A152,1,A173,1,A191,A201,1
A11,24,A32,A42,652,A61,A75,4,A92,A101,4,A123,24,A143,A152,1,A173,1,A191,A201,1
A14,24,A32,A42,708,A61,A73,2,A93,A101,4,A123,38,A143,A152,1,A172,1,A191,A201,1
A14,24,A32,A43,5943,A65,A72,4,A92,A101,4,A123,44,A143,A152,2,A173,1,A192,A201,1
A13,12,A32,A410,3049,A61,A72,4,A93,A101,3,A123,30,A143,A152,1,A173,1,A191,A201,1
A14,30,A32,A43,433,A61,A73,1,A92,A101,4,A122,22,A143,A152,1,A173,1,A191,A201,1
A13,12,A32,A43,1297,A61,A73,4,A94,A101,2,A123,23,A143,A152,1,A172,1,A191,A201,1
A12,12,A32,A43,2576,A61,A73,2,A92,A101,2,A123,35,A143,A152,1,A173,1,A191,A201,2
A14,24,A32,A42,1474,A61,A72,4,A92,A101,1,A121,33,A141,A152,1,A172,1,A191,A201,1
A14,45,A32,A49,1076,A61,A73,2,A94,A101,2,A121,26,A143,A152,2,A173,1,A192,A201,1
A14,24,A32,A42,3777,A65,A73,4,A93,A101,4,A122,30,A143,A152,1,A173,1,A192,A201,1
A14,30,A32,A41,609,A61,A75,2,A92,A101,4,A123,37,A142,A152,1,A173,1,A191,A201,1
A14,44,A33,A40,2249,A62,A74,4,A93,A101,3,A124,30,A143,A152,1,A173,1,A191,A201,1
A14,30,A34,A40,8941,A65,A72,2,A93,A101,2,A123,53,A141,A152,1,A172,1,A191,A201,1
A12,14,A32,A41,802,A61,A74,4,A93,A101,4,A123,27,A143,A152,2,A172,1,A191,A201,1
A11,12,A32,A42,2462,A61,A73,2,A93,A101,2,A123,22,A143,A152,1,A173,1,A191,A201,1
A14,24,A33,A45,1925,A61,A72,4,A93,A101,2,A121,26,A143,A152,1,A173,1,A191,A201,1
A11,24,A32,A43,1107,A61,A73,2,A93,A101,4,A122,34,A141,A152,1,A173,1,A192,A201,1
A14,24,A34,A43,2611,A61,A75,4,A92,A101,4,A121,46,A143,A152,1,A173,1,A191,A201,1
A14,15,A32,A42,2788,A61,A74,2,A92,A101,3,A123,24,A143,A152,2,A173,1,A192,A201,1
A12,18,A32,A40,5866,A62,A73,2,A93,A101,2,A123,30,A143,A152,2,A173,1,A192,A201,1
A12,9,A34,A43,730,A61,A75,4,A93,A101,4,A123,46,A143,A152,2,A172,1,A192,A201,1
A14,18,A33,A49,2169,A61,A73,4,A94,A101,2,A123,28,A143,A152,1,A173,1,A192,A201,1
A12,12,A32,A43,1206,A61,A75,4,A92,A101,2,A123,34,A143,A152,2,A173,1,A191,A201,1
A14,24,A32,A43,707,A61,A75,4,A93,A101,4,A123,31,A143,A152,2,A173,1,A191,A201,1
A12,24,A32,A41,717,A61,A75,4,A94,A101,1,A122,27,A141,A152,1,A172,1,A191,A201,1
A13,30,A34,A42,3617,A61,A72,4,A93,A101,2,A123,20,A141,A151,2,A172,1,A191,A201,1
A14,24,A32,A410,8848,A65,A73,4,A92,A101,2,A123,28,A143,A152,1,A173,1,A191,A201,1
A14,24,A34,A43,618,A61,A75,4,A93,A101,4,A122,34,A143,A152,1,A172,1,A191,A201,1
A14,44,A34,A49,12803,A61,A73,2,A92,A101,3,A124,48,A143,A152,2,A172,1,A191,A201,1
A14,48,A32,A42,1736,A61,A74,1,A92,A101,4,A123,31,A141,A152,1,A172,1,A191,A201,1
A11,12,A32,A43,1366,A61,A72,4,A92,A101,4,A123,22,A143,A152,1,A173,1,A191,A201,1
A14,24,A32,A40,4736,A65,A73,4,A92,A101,4,A123,38,A141,A152,2,A172,1,A191,A201,1
A14,24,A34,A49,6304,A61,A75,4,A94,A101,4,A122,70,A143,A152,2,A173,1,A191,A201,1
A11,34,A32,A40,2577,A65,A73,2,A93,A101,1,A123,42,A143,A152,1,A172,1,A191,A201,1
A14,24,A34,A45,1927,A61,A73,4,A92,A101,2,A123,33,A143,A152,1,A173,1,A191,A201,1
A12,30,A32,A410,2991,A61,A75,2,A92,A101,4,A123,25,A143,A152,2,A174,1,A192,A201,1
A12,24,A34,A49,2825,A61,A74,4,A93,A101,2,A121,34,A143,A151,2,A173,1,A191,A201,1
A12,24,A34,A40,1323,A62,A74,2,A93,A101,4,A122,24,A143,A152,2,A173,1,A192,A201,1
A14,24,A34,A42,655,A61,A73,4,A94,A101,4,A122,49,A143,A152,1,A173,1,A192,A201,1
A14,22,A32,A43,2675,A61,A75,1,A93,A101,4,A123,30,A143,A152,1,A173,1,A192,A201,1
A11,24,A32,A40,10722,A61,A72,4,A92,A101,2,A123,30,A143,A152,1,A172,1,A192,A201,1
A12,24,A34,A42,1295,A61,A72,4,A92,A101,2,A123,48,A143,A152,2,A173,1,A191,A201,1
A11,24,A34,A40,9346,A62,A73,4,A92,A101,4,A122,30,A143,A152,1,A173,1,A192,A201,1
A11,30,A32,A45,12446,A61,A74,4,A94,A101,4,A123,32,A143,A152,2,A174,1,A192,A201,1
A12,42,A34,A49,5954,A61,A74,2,A92,A101,4,A121,41,A143,A152,2,A172,1,A191,A201,1
A12,24,A32,A42,4057,A61,A74,1,A94,A101,3,A123,43,A143,A152,1,A173,1,A192,A201,1
A14,36,A34,A41,3535,A61,A74,1,A92,A101,4,A123,37,A143,A152,2,A173,1,A192,A201,2
A12,36,A32,A46,2273,A61,A74,1,A93,A101,4,A123,32,A143,A152,2,A173,1,A191,A201,1
A11,15,A32,A45,3643,A65,A75,4,A93,A101,4,A123,27,A143,A152,1,A172,1,A192,A201,1
A13,27,A32,A410,2028,A61,A73,4,A93,A101,2,A123,30,A143,A152,1,A173,1,A191,A201,1
A11,46,A32,A49,5705,A61,A73,4,A92,A101,2,A123,26,A143,A152,2,A173,1,A192,A201,1
A14,24,A32,A45,5511,A65,A74,4,A93,A101,4,A123,25,A143,A152,1,A173,1,A191,A201,1
A12,12,A32,A41,7966,A61,A72,2,A93,A101,3,A123,30,A143,A152,2,A173,1,A191,A201,1
A14,24,A32,A45,409,A65,A75,4,A92,A101,3,A123,27,A143,A152,2,A174,1,A191,A201,1
A14,24,A34,A43,1901,A62,A73,1,A92,A101,4,A123,25,A143,A152,1,A173,1,A192,A201,2
A14,41,A32,A40,11435,A65,A72,2,A94,A101,3,A123,74,A143,A152,1,A173,1,A192,A201,1
A11,24,A32,A41,6579,A61,A73,4,A93,A101,2,A123,25,A143,A152,1,A174,1,A192,A201,1
A12,15,A34,A44,629,A65,A72,4,A93,A101,3,A123,32,A143,A152,2,A174,1,A191,A201,1
A11,48,A32,A41,4788,A61,A74,4,A93,A101,3,A123,26,A143,A152,1,A173,1,A191,A201,1
A13,46,A34,A40,7253,A61,A74,1,A93,A101,2,A123,30,A141,A151,2,A173,1,A191,A201,1
A14,12,A32,A42,2406,A61,A73,2,A93,A101,3,A123,31,A143,A152,1,A173,1,A191,A201,1
A12,12,A32,A40,1007,A61,A73,4,A94,A101,4,A122,22,A143,A152,1,A174,1,A192,A201,1
A14,24,A33,A49,14916,A62,A73,4,A93,A101,2,A123,44,A143,A152,1,A173,1,A192,A201,1
A11,24,A32,A42,1858,A61,A72,4,A92,A101,4,A123,22,A143,A152,1,A173,1,A191,A201,2
A11,24,A32,A42,1478,A61,A75,4,A93,A101,4,A123,42,A143,A152,2,A172,1,A191,A201,1
A12,9,A32,A49,1188,A61,A75,2,A92,A101,4,A121,39,A143,A152,1,A173,1,A191,A201,1
A14,24,A32,A41,2603,A65,A73,2,A94,A101,4,A122,30,A143,A151,1,A173,1,A192,A201,1
A11,9,A32,A40,1203,A61,A75,1,A93,A101,2,A123,43,A141,A152,2,A172,1,A192,A201,1
A11,41,A34,A40,1038,A61,A74,4,A94,A101,1,A122,24,A143,A152,2,A173,1,A191,A201,1
A11,24,A32,A43,3660,A61,A73,2,A92,A101,4,A123,28,A143,A152,1,A173,1,A191,A201,1
A14,24,A34,A43,13337,A61,A75,4,A94,A101,2,A123,31,A143,A152,1,A173,1,A192,A201,1
A12,24,A34,A42,4736,A61,A72,2,A92,A101,4,A123,25,A142,A152,1,A173,1,A191,A201,1
A14,41,A34,A42,13805,A61,A74,2,A94,A101,2,A121,30,A143,A152,1,A172,1,A191,A201,1
A12,27,A32,A49,2528,A61,A72,4,A92,A101,4,A121,32,A143,A152,1,A173,1,A192,A201,1
A11,21,A32,A43,1835,A61,A73,1,A92,A101,2,A123,25,A143,A152,2,A173,1,A192,A201,1
A11,21,A34,A40,1602,A61,A75,4,A94,A101,3,A123,30,A143,A152,2,A173,1,A192,A201,2
A13,42,A32,A42,7882,A65,A74,2,A93,A101,2,A122,45,A141,A151,1,A173,1,A191,A201,1
A14,24,A32,A410,2141,A61,A74,4,A93,A101,4,A123,30,A143,A152,1,A173,1,A192,A201,1
A12,60,A33,A43,7418,A61,A73,4,A93,A101,4,A123,27,A143,A152,1,A173,1,A192,A201,1
A14,40,A32,A41,858,A65,A75,4,A93,A101,2,A122,30,A143,A152,2,A174,1,A192,A201,1
A14,24,A32,A40,2133,A61,A75,4,A92,A101,4,A123,52,A143,A152,1,A174,1,A192,A201,1
A14,40,A32,A44,3235,A61,A75,1,A94,A101,4,A123,43,A143,A152,1,A172,1,A191,A201,1
A11,24,A34,A41,6419,A61,A75,2,A92,A101,4,A122,44,A143,A152,2,A173,1,A191,A201,1
A14,36,A32,A41,4686,A61,A73,2,A93,A101,4,A122,39,A143,A153,1,A173,1,A191,A201,1
A13,48,A32,A45,7824,A61,A72,1,A92,A101,2,A123,52,A143,A152,2,A173,1,A192,A201,1
A13,36,A33,A41,3229,A61,A73,2,A93,A101,4,A122,38,A143,A152,1,A173,1,A191,A201,1
A14,39,A34,A41,10824,A65,A74,4,A93,A101,4,A123,24,A143,A152,2,A173,1,A191,A201,1
A14,30,A34,A42,5003,A61,A73,1,A92,A101,4,A122,25,A141,A152,2,A173,1,A191,A201,2
A12,12,A32,A43,1126,A62,A75,2,A94,A101,4,A123,24,A143,A152,1,A173,1,A191,A201,1
A11,48,A32,A41,4788,A61,A74,4,A93,A101,3,A123,26,A143,A152,1,A173,1,A191,A201,2
A13,10,A34,A40,781,A61,A75,4,A93,A101,4,A122,63,A143,A152,2,A173,1,A192,A201,1
A11,30,A33,A49,1797,A61,A74,1,A93,A101,3,A123,28,A143,A152,1,A172,1,A191,A201,1
A14,27,A34,A40,3443,A65,A73,4,A92,A101,3,A124,31,A143,A152,1,A173,1,A191,A201,1
A12,15,A32,A40,2631,A62,A73,2,A92,A101,4,A123,28,A143,A152,2,A173,1,A192,A201,1
A14,51,A34,A40,4071,A61,A73,4,A92,A101,4,A123,38,A143,A152,1,A172,1,A191,A201,1
A13,12,A34,A46,936,A65,A75,4,A94,A101,2,A123,52,A141,A152,2,A172,1,A192,A201,1
A11,14,A32,A40,3973,A61,A73,4,A93,A101,4,A122,22,A143,A152,1,A173,1,A191,A201,2
A14,30,A32,A41,7485,A61,A73,4,A92,A101,4,A121,33,A143,A152,1,A174,1,A192,A201,1
A12,24,A32,A43,1534,A61,A72,4,A94,A101,4,A123,23,A143,A152,1,A173,1,A191,A201,1
A11,36,A32,A41,5493,A61,A75,2,A93,A101,4,A122,42,A143,A152,1,A173,1,A191,A201,2
A12,12,A34,A43,4933,A61,A74,2,A93,A101,2,A123,25,A143,A152,2,A173,1,A191,A201,1
A14,36,A32,A43,2394,A61,A73,4,A92,A101,4,A123,25,A143,A152,2,A173,1,A191,A201,1
A13,24,A34,A45,996,A61,A74,4,A92,A101,4,A123,23,A143,A152,2,A173,1,A192,A201,1
A11,12,A32,A42,4153,A61,A73,2,A93,A101,3,A123,42,A143,A152,1,A173,1,A191,A201,1
A14,24,A34,A42,1231,A61,A75,2,A93,A101,4,A122,57,A142,A152,2,A172,1,A191,A201,1
A14,48,A33,A43,846,A61,A75,4,A93,A101,4,A123,36,A143,A152,1,A173,1,A191,A201,1
A14,24,A32,A43,14171,A61,A74,4,A92,A101,2,A123,33,A143,A152,2,A172,1,A192,A201,1
A11,15,A32,A40,1403,A61,A73,2,A92,A101,4,A123,28,A143,A152,1,A173,1,A191,A201,2
A12,15,A34,A42,7374,A61,A72,4,A93,A101,4,A123,30,A143,A152,1,A174,1,A191,A201,1
A12,24,A33,A49,9713,A61,A74,4,A93,A101,4,A123,36,A143,A152,1,A173,1,A192,A201,1
A14,24,A32,A410,8947,A61,A74,4,A93,A101,4,A123,31,A143,A152,1,A174,1,A191,A201,1
A14,24,A34,A42,1559,A61,A74,4,A93,A101,4,A122,30,A143,A152,1,A172,1,A192,A201,1
A13,15,A32,A46,392,A61,A72,4,A92,A101,4,A123,23,A143,A152,1,A173,1,A192,A201,1
A12,24,A32,A40,15569,A65,A74,4,A92,A101,4,A123,22,A143,A152,2,A172,1,A192,A201,1
A14,13,A32,A49,12065,A62,A73,4,A94,A101,3,A123,27,A143,A152,1,A173,1,A192,A201,1
A14,24,A34,A40,1028,A61,A73,4,A92,A101,3,A124,36,A143,A152,2,A173,1,A191,A201,2
A14,24,A34,A410,10128,A61,A73,4,A92,A101,4,A123,30,A143,A152,2,A172,1,A192,A201,1
A12,9,A33,A43,760,A61,A72,4,A92,A101,4,A123,28,A143,A152,1,A172,1,A192,A201,1
A11,10,A34,A40,1038,A61,A74,4,A92,A101,3,A121,24,A143,A152,2,A173,1,A191,A201,2
A14,6,A32,A44,1338,A65,A73,4,A93,A101,4,A123,31,A143,A153,2,A173,1,A191,A201,1
A12,30,A34,A40,2181,A61,A75,4,A93,A101,4,A123,36,A143,A152,2,A173,1,A191,A201,1
A11,12,A32,A40,3398,A61,A74,3,A93,A101,4,A123,30,A143,A152,1,A172,1,A191,A201,1
A12,41,A32,A44,3213,A62,A72,4,A94,A101,3,A123,25,A143,A152,1,A173,1,A191,A201,1
A14,18,A32,A45,7537,A62,A74,2,A93,A101,2,A123,32,A143,A152,1,A173,1,A191,A201,1
A12,24,A33,A49,4712,A65,A75,4,A93,A101,4,A122,37,A143,A152,1,A173,1,A191,A201,1
A12,24,A32,A43,1301,A61,A75,4,A94,A101,2,A123,32,A143,A152,1,A172,1,A191,A201,1
A11,15,A34,A40,14679,A61,A73,1,A93,A101,3,A123,37,A143,A152,1,A173,1,A191,A201,1
A14,30,A34,A43,10682,A61,A74,4,A93,A101,4,A123,36,A143,A152,2,A173,1,A192,A201,1
A11,24,A32,A40,1893,A61,A73,4,A92,A101,4,A123,25,A143,A152,1,A173,1,A192,A201,1
A14,60,A33,A45,15653,A65,A75,4,A93,A101,4,A123,21,A143,A152,1,A172,1,A192,A201,1
A14,24,A32,A43,2397,A61,A75,1,A93,A101,2,A123,30,A143,A152,2,A173,1,A192,A201,1
A12,24,A33,A42,2064,A61,A73,1,A92,A101,2,A123,34,A143,A152,1,A174,1,A192,A201,1
A12,24,A32,A40,1223,A61,A75,4,A94,A101,4,A123,46,A143,A152,2,A173,1,A191,A201,1
A14,15,A34,A43,8791,A61,A73,4,A93,A101,4,A123,47,A143,A152,1,A172,1,A192,A201,1
A11,24,A32,A49,3161,A61,A73,4,A93,A101,2,A121,31,A143,A152,1,A173,1,A192,A201,1
A12,24,A32,A410,2002,A61,A74,1,A93,A101,4,A123,30,A143,A152,1,A173,1,A192,A201,1
A11,24,A32,A40,1381,A61,A73,4,A92,A101,2,A123,25,A143,A152,1,A173,1,A191,A201,1
A13,30,A32,A40,4718,A65,A72,4,A94,A101,2,A123,27,A143,A152,1,A173,1,A192,A201,1
A12,30,A34,A49,5615,A65,A75,4,A93,A101,4,A122,20,A143,A152,2,A172,1,A192,A201,1
A14,6,A32,A43,6070,A61,A74,4,A93,A101,4,A123,33,A143,A152,2,A172,1,A192,A201,1
A11,24,A32,A43,1546,A61,A74,4,A93,A101,4,A123,24,A143,A152,1,A172,1,A191,A201,1
A14,15,A33,A42,8982,A65,A73,1,A94,A101,4,A122,30,A143,A152,1,A173,1,A192,A201,1
A12,30,A32,A42,3496,A62,A74,2,A93,A101,2,A123,34,A143,A152,1,A173,1,A192,A201,1
A13,10,A33,A40,5519,A61,A72,4,A93,A101,4,A122,63,A143,A152,2,A173,1,A191,A201,1
A14,2,A34,A41,1455,A61,A73,2,A93,A101,2,A123,42,A143,A152,1,A173,1,A192,A201,1
A14,34,A32,A40,12269,A62,A75,4,A92,A101,2,A123,52,A143,A151,1,A174,1,A191,A201,1
A11,12,A34,A40,731,A61,A75,4,A93,A101,4,A123,47,A143,A152,2,A172,1,A191,A201,1
A12,24,A32,A42,7531,A65,A74,1,A94,A101,3,A123,35,A143,A152,2,A172,1,A192,A201,1
A12,10,A32,A40,7308,A61,A73,2,A93,A101,4,A122,70,A143,A152,1,A174,1,A192,A201,1
A14,12,A33,A43,11079,A61,A73,4,A92,A101,4,A123,34,A143,A152,1,A173,1,A191,A201,1
A12,9,A34,A41,6948,A61,A73,4,A93,A101,4,A123,35,A143,A152,2,A174,1,A192,A201,1
A14,24,A32,A410,2445,A61,A72,2,A94,A101,4,A123,26,A143,A152,1,A173,1,A192,A201,1
A14,24,A34,A49,1185,A61,A73,4,A92,A101,2,A123,27,A143,A152,2,A173,1,A191,A201,1
A12,24,A34,A42,804,A61,A75,4,A93,A101,4,A123,38,A143,A152,1,A173,1,A191,A201,2
A14,24,A34,A43,2684,A61,A73,4,A93,A101,2,A123,35,A143,A152,1,A173,1,A191,A201,1
A12,24,A34,A42,804,A61,A75,4,A93,A101,4,A123,38,A143,A152,1,A173,1,A191,A201,2
A14,24,A33,A45,13378,A61,A73,2,A93,A101,4,A123,32,A143,A152,1,A173,1,A191,A201,1
A12,24,A32,A45,639,A61,A73,4,A93,A101,2,A123,30,A143,A152,1,A173,1,A191,A201,1
A12,24,A32,A43,2039,A61,A72,4,A94,A101,2,A121,22,A143,A152,1,A173,1,A192,A201,1
A14,24,A32,A40,1344,A61,A75,4,A93,A101,2,A123,37,A141,A152,2,A172,1,A191,A201,2
A11,24,A32,A42,652,A61,A75,4,A92,A101,4,A123,24,A143,A152,1,A173,1,A191,A201,2
A12,12,A33,A40,2862,A65,A75,4,A93,A101,3,A123,30,A143,A152,1,A173,1,A191,A201,1
A11,36,A32,A40,9271,A61,A74,2,A93,A101,2,A123,24,A143,A152,1,A173,1,A192,A201,1
A11,24,A32,A40,10722,A61,A72,4,A92,A101,2,A123,35,A143,A152,1,A172,1,A192,A201,2
A12,15,A34,A42,1928,A61,A72,2,A93,A101,2,A123,31,A143,A152,2,A172,1,A191,A201,1
A13,24,A32,A44,1258,A61,A73,1,A92,A101,3,A123,57,A143,A152,1,A172,1,A191,A201,1
A12,12,A32,A44,276,A61,A73,4,A92,A101,4,A123,52,A143,A152,1,A172,1,A192,A201,1
A14,10,A32,A40,1309,A61,A73,4,A93,A101,4,A122,27,A143,A152,1,A172,1,A191,A201,1
A14,36,A34,A40,6614,A61,A75,2,A92,A101,4,A123,34,A143,A152,2,A173,1,A191,A201,2
A14,24,A32,A45,9566,A61,A75,4,A92,A101,4,A123,31,A143,A152,1,A173,1,A191,A201,1
A14,39,A32,A45,4044,A61,A74,4,A94,A101,3,A121,30,A143,A152,2,A172,1,A191,A201,1
A11,24,A34,A41,1409,A61,A75,4,A93,A101,4,A123,54,A143,A152,1,A173,1,A191,A201,1
A12,24,A32,A43,1331,A61,A72,2,A93,A101,4,A123,22,A143,A152,1,A173,1,A191,A201,1
A14,18,A34,A49,4165,A61,A73,2,A93,A101,2,A123,25,A143,A152,2,A173,1,A191,A201,1
A11,11,A33,A40,3905,A62,A72,2,A93,A101,2,A123,30,A143,A152,2,A173,1,A192,A201,1
A14,48,A32,A49,3914,A65,A73,4,A94,A101,2,A123,38,A143,A152,1,A173,1,A191,A201,1
A12,24,A34,A42,1736,A61,A74,4,A92,A101,4,A123,31,A143,A152,1,A172,1,A191,A201,2
A11,24,A32,A41,2812,A61,A75,2,A92,A101,4,A123,26,A143,A152,1,A173,1,A191,A201,1
A14,24,A34,A42,1098,A61,A73,4,A92,A101,4,A123,23,A143,A152,2,A171,1,A191,A201,2
A14,24,A32,A43,2872,A62,A75,4,A93,A101,2,A123,52,A143,A152,1,A173,1,A191,A201,1
A11,15,A34,A42,1433,A61,A73,4,A92,A101,3,A123,25,A143,A152,2,A173,1,A191,A201,2
A11,24,A32,A49,2964,A61,A75,2,A93,A101,4,A122,24,A143,A152,1,A173,1,A191,A201,1
A13,30,A32,A40,783,A61,A73,4,A94,A101,2,A123,26,A141,A152,1,A172,1,A191,A201,1
A11,12,A32,A40,1203,A61,A75,1,A93,A101,2,A123,43,A143,A152,1,A173,1,A192,A201,2
A13,12,A32,A49,1391,A65,A73,4,A94,A101,4,A123,30,A143,A152,1,A173,1,A192,A201,1
A11,36,A34,A41,9629,A61,A74,4,A93,A101,4,A123,24,A143,A152,2,A173,1,A192,A201,1
A11,24,A33,A40,1574,A61,A73,4,A93,A101,2,A123,30,A143,A152,1,A173,1,A192,A201,1
A12,51,A34,A45,3573,A65,A74,1,A93,A101,3,A121,39,A143,A152,1,A172,1,A192,A201,1
A12,24,A34,A43,1743,A61,A75,4,A93,A101,2,A121,48,A143,A152,2,A172,1,A191,A201,1
A14,24,A32,A40,640,A62,A73,4,A94,A101,2,A123,24,A143,A152,1,A174,1,A191,A201,1
A12,27,A33,A41,5965,A61,A75,4,A93,A101,2,A123,30,A143,A152,2,A174,1,A192,A201,1
A14,15,A34,A43,13052,A61,A73,4,A93,A101,2,A123,46,A143,A152,1,A172,1,A191,A201,1
A12,15,A33,A45,1512,A65,A73,1,A94,A101,3,A123,61,A143,A152,2,A173,1,A191,A201,1
A13,24,A32,A41,1413,A65,A74,1,A93,A101,2,A123,30,A143,A152,1,A173,1,A192,A201,1
A14,15,A34,A40,5045,A61,A73,4,A92,A101,2,A123,39,A143,A152,2,A173,1,A192,A201,1
A13,24,A32,A40,1424,A61,A72,2,A94,A101,1,A123,26,A143,A152,1,A173,1,A192,A201,1
A14,21,A32,A41,5248,A65,A73,1,A93,A101,3,A123,26,A143,A152,1,A173,1,A191,A201,1
A11,21,A32,A42,3599,A61,A74,1,A92,A101,4,A123,26,A143,A152,1,A172,1,A191,A201,1
A12,24,A32,A40,1201,A61,A72,4,A93,A101,4,A121,26,A143,A152,1,A173,1,A191,A201,2
A12,12,A32,A41,5129,A61,A75,2,A92,A101,4,A123,74,A143,A152,1,A174,1,A192,A201,1
A14,48,A34,A42,3780,A61,A73,1,A94,A101,4,A123,35,A143,A152,2,A174,1,A192,A201,1
A14,36,A34,A49,13564,A61,A75,4,A93,A101,4,A123,33,A143,A152,1,A173,1,A191,A201,1
A14,24,A32,A40,1525,A62,A74,4,A92,A101,3,A124,30,A143,A152,1,A173,1,A192,A201,1
A14,24,A34,A42,2759,A61,A72,4,A92,A101,4,A123,34,A143,A152,2,A173,1,A191,A201,1
A11,39,A32,A42,1374,A61,A73,4,A94,A101,2,A123,30,A143,A152,1,A172,1,A192,A201,1
A13,15,A32,A41,14232,A61,A73,1,A92,A101,4,A123,30,A143,A152,1,A172,1,A192,A201,1
A11,24,A32,A43,1498,A61,A73,4,A92,A101,4,A123,23,A143,A152,1,A173,1,A191,A201,1
A11,21,A34,A40,1602,A61,A75,4,A94,A101,3,A123,30,A143,A152,2,A173,1,A192,A201,1
A11,12,A34,A45,1288,A61,A75,4,A93,A101,4,A123,42,A143,A152,1,A173,1,A191,A201,1
A14,21,A32,A45,454,A61,A72,1,A94,A101,1,A123,22,A143,A152,1,A172,1,A191,A201,2
A12,46,A32,A49,3566,A61,A73,4,A93,A101,2,A123,30,A143,A152,1,A173,1,A191,A201,1
A14,12,A32,A42,1980,A61,A72,2,A92,A101,2,A123,25,A143,A151,2,A173,1,A191,A201,1
A12,48,A32,A40,8487,A61,A74,4,A92,A101,2,A123,24,A143,A152,1,A173,1,A191,A201,1
A12,24,A32,A43,3092,A61,A72,1,A94,A101,2,A123,22,A143,A152,1,A173,1,A192,A201,1
A12,30,A32,A42,2745,A61,A74,4,A93,A101,2,A123,43,A143,A152,2,A173,1,A192,A201,1
A12,10,A34,A42,1240,A61,A75,4,A92,A101,4,A122,48,A143,A152,1,A172,1,A191,A201,2
A14,24,A34,A42,1592,A61,A74,4,A92,A101,4,A123,35,A143,A151,1,A173,1,A192,A201,1
A12,36,A32,A41,6204,A61,A73,2,A92,A101,4,A122,44,A143,A152,1,A172,1,A191,A201,1
A12,21,A32,A43,1376,A65,A73,4,A92,A101,4,A123,28,A143,A152,1,A172,1,A191,A201,1
A14,15,A32,A43,1386,A61,A73,4,A94,A101,4,A123,28,A143,A152,1,A172,1,A192,A201,1
A14,15,A32,A46,4623,A61,A73,1,A93,A101,2,A123,30,A143,A152,1,A174,1,A192,A201,1
A11,30,A34,A41,10623,A61,A75,1,A93,A101,4,A122,38,A143,A152,1,A174,1,A192,A201,1
A14,36,A32,A42,1766,A61,A73,4,A94,A101,2,A123,57,A143,A152,1,A173,1,A191,A201,1
A11,24,A32,A49,10945,A62,A72,2,A92,A101,2,A121,30,A143,A152,1,A172,1,A191,A201,1
A14,41,A32,A41,1236,A61,A73,2,A92,A101,4,A123,71,A141,A152,2,A172,1,A191,A201,1
A13,18,A34,A45,12994,A61,A72,2,A92,A101,2,A123,27,A143,A152,2,A173,1,A192,A201,1
A14,15,A34,A44,12476,A65,A75,4,A93,A101,2,A123,26,A143,A152,1,A174,1,A191,A201,1
A11,60,A34,A40,666,A61,A74,1,A92,A101,4,A123,72,A143,A152,2,A173,1,A192,A201,1
A12,45,A33,A43,1553,A65,A72,1,A94,A101,2,A123,70,A143,A152,1,A173,1,A191,A201,1
A12,24,A34,A46,5743,A61,A72,2,A92,A101,4,A122,24,A143,A152,2,A173,1,A192,A201,1
A12,24,A32,A43,766,A65,A73,4,A93,A101,3,A123,66,A143,A152,1,A172,1,A191,A201,1
A12,24,A34,A40,1495,A61,A75,4,A94,A101,4,A123,38,A143,A151,2,A174,1,A191,A201,1
A12,30,A33,A49,13958,A61,A75,4,A92,A101,2,A123,41,A143,A152,2,A173,1,A191,A201,1
A12,24,A34,A42,4736,A61,A72,2,A92,A101,4,A123,25,A141,A152,1,A172,1,A191,A201,2
A13,15,A34,A43,1271,A61,A73,1,A93,A101,4,A123,35,A143,A152,2,A173,1,A192,A201,1
A12,60,A33,A43,9157,A61,A73,2,A93,A101,2,A123,27,A143,A152,1,A174,1,A191,A201,1
A14,15,A34,A41,9167,A61,A73,1,A93,A101,4,A122,31,A141,A152,2,A172,1,A191,A201,1
A14,48,A34,A41,11590,A65,A73,2,A92,A101,4,A123,24,A143,A152,2,A172,1,A191,A201,1
A12,15,A32,A44,4485,A62,A74,4,A93,A101,3,A123,36,A143,A152,2,A173,1,A191,A201,1
A12,12,A32,A40,1437,A62,A74,2,A93,A101,3,A123,25,A143,A152,1,A173,1,A191,A201,1
A14,12,A32,A43,2753,A61,A75,4,A92,A101,4,A123,35,A143,A152,2,A173,1,A191,A201,1
A11,15,A34,A40,1721,A61,A72,4,A93,A101,3,A124,70,A143,A152,1,A174,1,A191,A201,1
A13,45,A32,A43,3399,A61,A75,2,A93,A101,3,A123,37,A143,A152,2,A174,1,A191,A201,1
A12,24,A32,A410,1239,A61,A72,2,A93,A101,4,A123,38,A143,A152,1,A173,1,A192,A201,1
A13,42,A34,A49,6289,A61,A72,2,A94,A101,4,A121,33,A143,A152,2,A173,1,A191,A201,2
A12,48,A32,A40,3949,A61,A73,4,A93,A101,3,A123,37,A143,A152,1,A174,1,A192,A201,1
A14,24,A32,A42,1552,A61,A74,1,A93,A101,2,A121,72,A143,A152,1,A172,1,A191,A201,1
A14,12,A33,A44,11376,A61,A72,4,A94,A101,4,A122,68,A143,A152,1,A174,1,A192,A201,1
A14,15,A34,A40,12724,A61,A73,4,A94,A101,4,A123,30,A143,A152,2,A172,1,A192,A201,1
A11,24,A32,A43,1498,A61,A73,4,A92,A101,4,A123,23,A143,A152,1,A173,1,A191,A201,1
A14,60,A32,A40,10366,A61,A75,2,A93,A101,4,A123,42,A143,A152,1,A174,1,A192,A201,1
A14,24,A32,A43,3621,A62,A75,2,A93,A101,4,A123,31,A143,A152,2,A173,1,A191,A201,1
A14,24,A32,A41,2197,A65,A74,2,A93,A101,4,A123,57,A141,A152,1,A172,1,A192,A201,1
A11,12,A32,A42,3650,A61,A72,2,A92,A101,4,A123,22,A143,A152,1,A173,1,A191,A201,2
A14,24,A32,A41,7814,A61,A74,1,A93,A101,3,A123,38,A143,A152,1,A174,1,A192,A201,1
A14,24,A32,A41,12072,A61,A72,4,A93,A101,2,A122,38,A143,A152,1,A174,1,A192,A201,1
A14,24,A34,A40,1028,A61,A73,4,A92,A101,1,A122,23,A143,A152,2,A172,1,A191,A201,1
A13,24,A34,A43,3148,A65,A74,1,A93,A101,4,A122,31,A143,A152,2,A172,1,A192,A201,1
A12,24,A33,A41,7758,A61,A75,2,A94,A101,4,A123,25,A143,A152,2,A174,1,A191,A201,1
A11,24,A32,A43,2214,A61,A73,4,A93,A101,3,A123,24,A143,A152,1,A172,1,A191,A201,1
A12,12,A32,A40,931,A61,A72,4,A92,A101,3,A123,32,A143,A152,1,A172,1,A191,A201,1
A14,30,A32,A45,4272,A65,A75,2,A93,A101,2,A123,26,A143,A152,1,A172,1,A191,A201,1
A14,57,A32,A43,7644,A61,A72,1,A92,A101,2,A123,32,A143,A152,1,A173,1,A192,A201,1
A14,27,A34,A42,10645,A61,A75,4,A93,A101,4,A123,72,A143,A152,2,A174,1,A192,A201,1
A12,24,A32,A42,6468,A61,A73,2,A92,A101,1,A121,52,A143,A152,1,A174,1,A192,A201,2
A12,24,A32,A40,1201,A61,A72,4,A93,A101,4,A121,26,A143,A152,1,A173,1,A191,A201,1
A11,24,A34,A42,3384,A61,A73,4,A94,A101,4,A123,44,A143,A152,1,A174,1,A192,A201,1
A14,12,A32,A43,13292,A61,A72,4,A92,A101,2,A123,52,A143,A152,2,A174,1,A191,A201,1
A14,24,A32,A40,1474,A62,A72,4,A94,A101,3,A121,33,A143,A152,1,A173,1,A192,A201,1
A14,44,A32,A43,15500,A61,A72,2,A94,A101,4,A122,35,A143,A152,1,A173,1,A191,A201,1
A12,24,A34,A40,2366,A61,A73,4,A94,A101,4,A123,30,A143,A152,1,A172,1,A192,A201,1
A14,24,A32,A41,9277,A61,A73,2,A94,A101,4,A122,30,A143,A152,1,A173,1,A192,A201,1
A12,24,A33,A40,2353,A61,A73,4,A94,A101,4,A121,47,A143,A152,2,A173,1,A191,A201,1
A14,48,A34,A40,7228,A65,A74,4,A93,A101,4,A123,30,A143,A152,2,A172,1,A191,A201,1
A11,24,A32,A49,1657,A61,A73,2,A93,A101,4,A123,27,A143,A152,1,A174,1,A192,A201,1
A12,15,A33,A49,6681,A61,A73,2,A93,A101,2,A123,38,A143,A153,2,A173,1,A192,A201,1
A13,24,A32,A44,1377,A61,A73,2,A92,A101,2,A123,47,A143,A152,1,A173,1,A191,A201,1
A14,60,A32,A40,6527,A61,A73,4,A93,A101,4,A122,34,A143,A152,1,A173,1,A192,A201,1
A11,24,A34,A40,860,A61,A75,4,A92,A101,4,A122,39,A143,A152,2,A173,1,A192,A201,2
A11,24,A32,A43,1498,A61,A73,4,A92,A101,4,A123,23,A143,A152,1,A173,1,A191,A201,1
A11,24,A34,A41,3632,A61,A73,1,A92,A101,4,A123,22,A143,A152,1,A173,1,A191,A201,1
A14,12,A32,A43,1493,A61,A72,4,A92,A101,3,A123,34,A143,A152,1,A173,2,A191,A201,1
A11,36,A34,A40,860,A61,A75,1,A92,A101,4,A123,27,A143,A152,2,A173,1,A192,A201,1
A14,30,A33,A49,5849,A61,A75,4,A93,A101,4,A123,34,A143,A152,1,A172,1,A192,A201,1
A14,24,A34,A46,727,A62,A72,2,A94,A101,3,A123,33,A143,A152,1,A172,1,A192,A201,2
A11,42,A32,A43,7174,A61,A74,4,A92,A101,3,A123,30,A143,A152,1,A174,1,A192,A201,1
A14,15,A34,A43,1829,A61,A75,4,A93,A101,4,A123,46,A143,A152,2,A173,1,A192,A201,1
A14,30,A34,A49,13628,A61,A75,4,A93,A101,4,A123,35,A143,A152,1,A173,1,A192,A201,1
A14,24,A34,A42,1935,A61,A75,2,A94,A101,4,A123,31,A143,A152,2,A173,1,A191,A201,2
A12,44,A34,A43,1231,A61,A73,1,A93,A101,4,A123,57,A143,A152,1,A172,1,A191,A201,1
A11,24,A32,A43,1282,A61,A73,4,A92,A101,2,A123,32,A143,A152,1,A172,1,A191,A201,1
A12,30,A32,A43,1715,A65,A73,2,A92,A101,4,A123,24,A143,A152,1,A173,1,A191,A201,1
A12,30,A34,A41,932,A65,A74,1,A92,A101,3,A123,58,A143,A152,2,A172,1,A192,A201,1
A12,15,A32,A43,1444,A61,A72,4,A92,A101,3,A123,23,A141,A152,1,A173,1,A191,A201,1
A14,24,A34,A49,5782,A61,A74,2,A92,A101,4,A123,23,A143,A152,2,A174,1,A191,A201,1
A14,12,A34,A46,1393,A61,A74,4,A92,A101,4,A123,31,A141,A152,1,A173,1,A191,A201,1
A14,12,A34,A43,2337,A61,A75,4,A93,A101,4,A123,68,A143,A152,1,A173,1,A191,A201,1
A14,30,A34,A410,13261,A61,A75,2,A93,A101,2,A123,39,A143,A151,1,A173,1,A191,A201,1
A14,24,A32,A43,4813,A61,A73,4,A93,A101,4,A123,43,A143,A152,1,A173,1,A191,A201,1
A13,36,A34,A43,2331,A61,A75,4,A93,A101,4,A122,24,A143,A152,2,A173,1,A192,A201,1
A14,12,A32,A410,1388,A65,A73,2,A92,A101,2,A123,26,A143,A152,1,A173,1,A191,A201,1
A13,36,A32,A42,3913,A61,A73,2,A93,A101,4,A123,23,A143,A152,1,A173,1,A192,A201,2
A14,6,A34,A40,1204,A62,A73,4,A93,A101,1,A123,24,A143,A152,1,A173,1,A191,A201,1
A14,36,A34,A41,3535,A61,A74,4,A94,A101,4,A123,22,A143,A152,2,A173,1,A192,A201,1
A11,24,A32,A45,11559,A65,A74,4,A94,A101,4,A123,31,A143,A152,1,A173,1,A192,A201,1
A12,10,A32,A46,727,A61,A75,2,A92,A101,4,A122,25,A143,A152,1,A173,1,A192,A201,1
A12,30,A34,A42,2333,A61,A72,2,A94,A101,4,A122,30,A142,A152,1,A173,1,A192,A201,1
A14,15,A32,A42,1382,A62,A75,2,A92,A101,1,A123,26,A143,A152,2,A173,1,A192,A201,1
A11,24,A32,A43,10902,A61,A73,4,A94,A101,2,A123,75,A141,A152,2,A172,1,A192,A201,1
A13,36,A32,A43,4473,A61,A75,4,A93,A101,2,A123,31,A143,A152,1,A173,1,A191,A201,1
A13,21,A32,A42,2864,A61,A73,2,A93,A101,2,A122,34,A143,A152,1,A172,1,A191,A201,1
A14,24,A34,A43,5694,A65,A75,2,A93,A101,4,A122,53,A143,A152,2,A172,1,A191,A201,1
A14,15,A34,A46,1532,A62,A73,4,A92,A101,3,A123,31,A143,A152,1,A173,1,A191,A201,1
A14,24,A32,A40,6551,A62,A73,4,A94,A101,4,A122,27,A143,A152,2,A174,1,A192,A201,1
A14,15,A34,A42,802,A61,A75,4,A93,A101,3,A123,37,A143,A152,1,A173,1,A191,A201,1
A14,24,A34,A410,11997,A62,A74,4,A94,A101,3,A123,26,A143,A152,1,A173,1,A191,A201,1
A14,36,A34,A40,7855,A61,A73,4,A92,A101,2,A123,25,A143,A152,2,A173,1,A192,A201,1
A14,24,A32,A40,12317,A65,A74,4,A93,A101,4,A122,37,A143,A152,2,A173,1,A192,A201,1
A12,24,A32,A40,3124,A61,A75,4,A93,A101,3,A124,24,A143,A152,2,A172,1,A191,A201,1
A11,24,A32,A42,2359,A62,A73,4,A94,A101,4,A122,33,A143,A152,1,A173,1,A191,A201,1
A14,24,A34,A42,3972,A61,A74,4,A92,A101,1,A122,25,A143,A152,1,A173,1,A191,A201,1
A12,18,A34,A49,10638,A61,A73,4,A93,A101,4,A123,28,A143,A152,2,A173,1,A192,A201,1
A12,10,A32,A42,1521,A61,A73,4,A94,A101,2,A123,31,A143,A152,1,A172,1,A191,A201,1
A12,48,A32,A40,6560,A61,A74,1,A93,A101,2,A123,24,A143,A152,1,A173,1,A191,A201,1
A13,24,A33,A45,776,A61,A75,4,A94,A101,4,A123,48,A143,A152,1,A173,1,A191,A201,1
A12,24,A32,A40,3195,A61,A72,1,A92,A101,2,A123,31,A141,A152,1,A172,1,A191,A201,1
A12,12,A34,A40,11530,A61,A75,2,A93,A101,4,A122,70,A143,A152,2,A173,1,A191,A201,1
A11,41,A32,A43,1414,A62,A73,4,A92,A101,2,A123,23,A143,A152,2,A172,1,A191,A201,1
A14,24,A33,A43,1459,A61,A73,4,A94,A101,2,A123,43,A143,A152,1,A173,1,A191,A201,1
A14,12,A34,A40,11012,A61,A72,4,A93,A101,4,A123,30,A141,A152,2,A172,1,A191,A201,1
A14,18,A32,A42,9363,A62,A73,2,A92,A101,2,A123,28,A143,A152,2,A173,1,A192,A201,1
A11,24,A32,A42,1858,A61,A72,4,A92,A101,4,A123,22,A143,A152,1,A173,1,A191,A201,2
A14,15,A34,A40,1530,A61,A73,1,A93,A101,2,A123,32,A143,A152,2,A173,1,A191,A201,1
A14,60,A32,A40,6527,A61,A73,4,A93,A101,4,A123,34,A143,A152,1,A173,1,A192,A201,2
A14,12,A32,A45,1943,A61,A72,4,A92,A101,4,A122,23,A143,A152,1,A173,1,A191,A201,1
A14,15,A32,A43,1655,A61,A75,4,A93,A101,4,A122,42,A143,A152,2,A173,1,A192,A201,1
A11,15,A34,A42,1049,A61,A72,4,A92,A101,4,A123,21,A143,A152,1,A173,1,A191,A201,1
A14,27,A33,A49,5117,A61,A74,1,A93,A101,4,A122,26,A143,A152,2,A174,1,A191,A201,1
A11,24,A32,A40,1168,A61,A73,4,A94,A101,3,A123,27,A143,A152,1,A172,1,A191,A201,1
A14,15,A34,A40,12680,A61,A75,4,A93,A101,4,A122,30,A143,A152,1,A174,1,A192,A201,1
A14,15,A32,A43,5976,A62,A73,4,A94,A101,2,A123,25,A143,A152,2,A173,1,A191,A201,1
A11,18,A32,A40,4380,A61,A73,1,A93,A101,4,A123,30,A143,A152,1,A172,1,A192,A201,1
A14,15,A33,A49,2580,A62,A72,4,A93,A101,2,A123,25,A143,A152,1,A172,1,A191,A201,1
A12,15,A32,A40,1264,A61,A73,2,A94,A101,2,A123,25,A143,A152,1,A173,1,A191,A201,1
A11,15,A34,A42,1872,A61,A73,4,A93,A101,4,A123,35,A143,A152,1,A173,1,A191,A201,2
A11,21,A32,A43,3190,A61,A73,2,A92,A101,2,A123,24,A143,A152,1,A173,1,A191,A201,1
A14,15,A34,A44,874,A65,A72,4,A92,A101,1,A121,24,A143,A152,1,A173,1,A191,A201,1
A11,24,A32,A42,4020,A61,A73,2,A93,A101,2,A123,27,A143,A152,1,A173,1,A191,A201,1
A11,30,A34,A49,8072,A61,A72,2,A93,A101,3,A123,25,A143,A152,1,A173,1,A191,A201,1
A14,30,A32,A42,1313,A61,A75,4,A93,A101,1,A123,20,A142,A152,1,A173,1,A191,A201,1
A11,24,A32,A410,339,A61,A75,4,A92,A101,4,A122,30,A143,A152,1,A172,1,A191,A201,1
A14,12,A32,A42,1572,A65,A75,4,A92,A101,4,A123,25,A143,A152,1,A172,1,A191,A201,2
A14,24,A34,A42,2578,A61,A73,1,A92,A101,4,A122,55,A143,A152,1,A173,1,A191,A201,1
A11,46,A34,A42,4281,A62,A73,4,A92,A101,4,A123,23,A143,A152,2,A173,1,A191,A201,1
A11,24,A32,A41,2910,A61,A75,2,A93,A101,1,A121,34,A143,A152,1,A174,1,A192,A201,2
A11,18,A32,A43,1940,A61,A72,4,A93,A101,4,A122,36,A143,A152,1,A174,1,A192,A201,1
A11,12,A32,A42,2659,A65,A73,4,A93,A101,2,A123,28,A143,A152,1,A173,1,A191,A201,1
A14,36,A32,A46,1538,A61,A72,4,A92,A101,2,A123,34,A143,A152,1,A173,1,A191,A201,1
A14,15,A32,A43,1213,A65,A75,4,A93,A101,3,A123,47,A143,A152,1,A172,1,A191,A201,1
A14,12,A32,A44,7166,A61,A74,4,A94,A101,4,A123,25,A143,A152,1,A172,1,A192,A201,1
A14,39,A32,A41,2670,A65,A73,4,A93,A101,4,A123,30,A143,A152,1,A173,1,A191,A201,1
A11,12,A33,A49,15348,A61,A73,4,A92,A101,4,A123,34,A143,A152,2,A174,1,A191,A201,1
A11,10,A32,A43,2315,A61,A73,1,A93,A101,4,A123,52,A143,A152,1,A172,1,A192,A201,1
A14,44,A33,A40,1469,A65,A75,2,A94,A101,4,A121,53,A143,A152,1,A172,1,A191,A201,1
A13,24,A32,A43,3016,A61,A73,4,A93,A101,4,A123,48,A143,A152,1,A173,1,A192,A201,1
A13,27,A33,A41,8613,A65,A73,2,A94,A101,2,A123,27,A143,A152,2,A173,1,A191,A201,1
A14,24,A32,A43,7427,A65,A72,2,A93,A101,4,A122,61,A143,A152,1,A174,1,A191,A201,1
A14,15,A34,A40,15532,A65,A73,4,A92,A101,2,A122,68,A143,A152,1,A173,1,A191,A201,1
A14,24,A34,A40,930,A62,A73,2,A92,A101,2,A123,30,A143,A152,1,A173,1,A191,A201,1
A14,45,A34,A41,6842,A61,A73,2,A94,A101,4,A122,30,A143,A151,2,A174,1,A192,A201,1
A14,15,A34,A42,1471,A61,A73,2,A93,A101,4,A122,35,A143,A152,2,A173,1,A192,A201,2
A14,15,A34,A42,3343,A61,A73,4,A93,A101,2,A123,28,A143,A152,1,A173,1,A192,A201,1
A12,24,A32,A49,790,A65,A73,4,A94,A101,2,A122,66,A141,A152,1,A172,1,A191,A201,1
A14,15,A34,A43,1169,A65,A73,4,A93,A101,3,A123,25,A143,A152,2,A173,1,A192,A201,1
A13,10,A32,A43,1347,A62,A72,4,A93,A101,4,A123,75,A143,A152,1,A173,1,A191,A201,1
A12,24,A32,A42,3069,A65,A75,4,A93,A101,4,A122,30,A143,A152,1,A173,1,A191,A201,1
A13,46,A34,A49,2212,A61,A73,4,A93,A101,4,A123,39,A143,A152,1,A173,1,A191,A201,1
A12,21,A32,A410,3001,A61,A74,2,A92,A101,4,A122,30,A141,A152,1,A173,1,A191,A201,1
A14,12,A34,A43,3074,A62,A73,4,A93,A101,2,A123,33,A143,A152,2,A173,1,A191,A201,1
A12,30,A34,A40,3622,A65,A75,4,A92,A101,4,A123,57,A143,A152,1,A173,1,A191,A201,1
A14,24,A32,A42,1552,A61,A74,1,A92,A101,4,A123,32,A143,A152,1,A173,1,A191,A201,2
A11,24,A32,A43,10335,A65,A73,4,A93,A101,3,A123,24,A143,A152,1,A174,1,A192,A201,1
A13,24,A34,A43,5265,A62,A75,4,A91,A101,4,A122,48,A143,A152,1,A172,1,A191,A201,1
A13,24,A32,A43,11282,A61,A72,2,A93,A101,2,A123,30,A143,A152,2,A172,1,A192,A201,1
A12,24,A32,A42,717,A61,A72,4,A92,A101,4,A123,52,A143,A152,1,A173,1,A191,A201,1
A11,12,A32,A40,654,A61,A73,4,A93,A101,3,A123,28,A143,A152,1,A172,1,A191,A201,1
A12,48,A32,A40,8358,A61,A72,4,A92,A101,2,A123,30,A143,A152,2,A173,1,A191,A201,1
A11,24,A32,A41,902,A61,A74,4,A94,A101,4,A123,21,A143,A152,1,A173,1,A191,A201,1
A11,15,A34,A40,8178,A61,A75,2,A93,A101,2,A123,30,A141,A152,2,A172,1,A192,A201,1
A12,24,A32,A42,609,A61,A72,2,A92,A101,4,A123,26,A143,A152,1,A173,1,A191,A201,2
A11,24,A32,A40,1893,A61,A73,4,A94,A101,4,A123,25,A143,A152,2,A173,1,A192,A201,1
A14,36,A32,A42,7127,A65,A75,2,A92,A101,4,A122,36,A142,A152,1,A173,1,A191,A201,1
A12,12,A32,A42,959,A61,A73,4,A92,A101,2,A123,25,A143,A152,1,A173,1,A191,A201,1
A14,24,A32,A42,7629,A61,A75,2,A93,A101,2,A123,46,A143,A152,1,A174,1,A191,A201,1
A14,42,A34,A41,4042,A62,A75,4,A93,A101,4,A123,36,A143,A152,2,A173,1,A191,A201,1
A14,24,A33,A43,2320,A61,A73,2,A94,A101,3,A124,34,A143,A152,2,A172,1,A191,A201,1
A12,24,A33,A43,2323,A61,A74,4,A94,A101,4,A123,30,A143,A152,1,A174,1,A192,A201,1
A14,39,A33,A41,2993,A61,A73,1,A94,A101,2,A123,28,A143,A152,2,A172,1,A192,A201,1
A11,24,A34,A41,6419,A61,A75,2,A92,A101,4,A122,25,A143,A152,1,A172,1,A191,A201,1
A14,24,A32,A43,2896,A65,A72,4,A92,A101,4,A123,25,A143,A153,1,A172,1,A191,A201,1
A11,42,A34,A45,3394,A61,A73,4,A93,A101,4,A123,42,A143,A152,2,A173,1,A191,A201,1
A11,48,A32,A43,1957,A61,A74,4,A94,A101,4,A123,31,A143,A152,1,A173,1,A191,A201,1
A12,21,A32,A40,7853,A61,A73,4,A92,A101,3,A123,30,A143,A152,1,A172,1,A191,A201,1
A14,15,A32,A41,8936,A61,A73,1,A93,A101,4,A122,23,A143,A152,1,A173,1,A191,A201,1
A11,30,A32,A42,3017,A61,A75,4,A92,A101,4,A123,71,A143,A152,2,A173,1,A191,A201,1
A14,24,A32,A42,8563,A65,A72,4,A92,A101,2,A123,30,A143,A151,2,A172,1,A192,A201,1
A12,24,A32,A40,685,A61,A74,2,A94,A101,3,A123,25,A143,A152,1,A172,1,A191,A201,1
A12,10,A34,A42,1275,A61,A72,4,A92,A101,2,A123,23,A143,A152,1,A173,1,A191,A201,2
A11,24,A32,A43,1107,A61,A73,2,A92,A101,4,A123,20,A143,A152,1,A173,1,A192,A201,2
A12,51,A32,A410,6880,A61,A75,4,A93,A101,4,A122,31,A143,A152,1,A173,1,A192,A201,1
A14,24,A32,A410,4040,A61,A73,4,A94,A101,4,A121,28,A143,A152,1,A173,1,A191,A201,1
A13,24,A32,A43,1155,A61,A72,1,A92,A101,3,A124,40,A143,A152,2,A173,1,A192,A201,1
A14,60,A32,A40,11600,A61,A73,4,A93,A101,4,A123,64,A143,A152,1,A173,1,A191,A201,1
A14,18,A34,A40,6761,A62,A75,2,A92,A101,4,A123,30,A143,A152,2,A173,1,A191,A201,1
A14,10,A32,A49,2848,A61,A73,4,A92,A101,4,A122,75,A143,A152,1,A173,1,A192,A201,1
A14,36,A33,A46,7551,A61,A74,1,A92,A101,2,A123,38,A143,A152,1,A173,1,A192,A201,1
A12,24,A32,A42,3069,A61,A75,4,A93,A101,4,A122,30,A143,A152,1,A173,1,A191,A201,2
A14,15,A32,A40,12613,A62,A75,4,A92,A101,2,A122,35,A143,A152,1,A174,1,A192,A201,1
A11,30,A32,A42,3620,A61,A73,4,A93,A101,2,A123,37,A143,A152,2,A173,1,A192,A201,1
A14,24,A32,A42,1474,A61,A72,4,A92,A101,1,A121,33,A141,A152,1,A172,1,A191,A201,2
A14,48,A34,A40,8858,A61,A74,4,A92,A101,4,A123,19,A143,A151,2,A173,1,A192,A201,1
A14,30,A34,A41,2751,A65,A73,4,A93,A101,3,A123,38,A143,A153,1,A173,1,A191,A201,1
A14,24,A32,A42,1572,A65,A75,4,A94,A101,1,A122,36,A143,A152,1,A173,1,A191,A201,1
A14,45,A32,A45,6924,A62,A75,2,A93,A101,2,A121,31,A143,A152,1,A172,1,A191,A201,1
A12,36,A34,A41,5800,A61,A73,1,A93,A101,4,A123,34,A143,A152,2,A173,1,A191,A201,2
A14,41,A32,A40,2782,A62,A74,4,A92,A101,2,A123,31,A143,A152,2,A174,1,A191,A201,1
A14,12,A34,A42,3331,A61,A72,2,A92,A101,4,A123,42,A143,A152,1,A173,1,A191,A201,1
A14,36,A33,A43,4463,A61,A73,4,A93,A101,2,A123,26,A143,A152,2,A174,1,A192,A201,1
A11,24,A32,A43,3357,A65,A72,4,A92,A101,2,A123,25,A143,A152,1,A173,1,A191,A201,1
A11,24,A32,A43,1987,A61,A73,2,A93,A101,4,A122,21,A143,A152,1,A172,1,A191,A201,1
A11,24,A32,A42,3021,A61,A73,2,A94,A101,2,A121,24,A143,A152,1,A172,1,A191,A201,1
A11,15,A32,A49,806,A61,A73,4,A92,A101,4,A123,22,A143,A152,1,A172,1,A191,A201,1
A12,48,A32,A43,10961,A65,A74,4,A93,A101,2,A123,27,A143,A152,2,A173,1,A192,A201,1
A11,24,A32,A43,709,A61,A75,4,A93,A101,4,A123,57,A141,A152,1,A172,1,A191,A201,1
A14,24,A32,A43,2284,A61,A74,4,A93,A101,2,A123,28,A143,A152,1,A173,1,A192,A201,1
A11,18,A32,A43,2389,A61,A72,4,A92,A101,2,A123,27,A143,A152,1,A173,1,A191,A201,1
A11,24,A32,A40,1371,A61,A73,4,A92,A101,4,A123,25,A143,A152,1,A173,1,A191,A201,1
A14,12,A32,A40,3380,A65,A75,4,A92,A101,3,A123,20,A143,A152,1,A174,1,A191,A201,1
A14,51,A32,A43,5452,A65,A75,4,A93,A101,4,A122,38,A143,A152,2,A173,1,A192,A201,1
A14,18,A33,A42,1808,A61,A74,4,A92,A101,2,A122,22,A143,A152,1,A173,1,A191,A201,1
A13,39,A32,A41,8588,A65,A75,4,A93,A101,4,A123,30,A143,A152,1,A172,1,A192,A201,1
A12,12,A33,A49,4439,A61,A75,2,A94,A101,2,A123,33,A143,A152,1,A174,1,A191,A201,1
A12,12,A32,A49,1037,A62,A74,3,A93,A101,4,A121,39,A143,A152,1,A172,1,A191,A201,1
A14,10,A34,A45,2069,A61,A73,4,A94,A101,4,A122,26,A143,A152,2,A172,1,A191,A201,1
A14,24,A32,A40,1884,A61,A75,4,A93,A101,4,A123,30,A143,A152,1,A174,1,A192,A201,1
A12,51,A32,A43,1082,A61,A72,4,A93,A101,1,A123,27,A143,A152,1,A172,1,A191,A201,1
A14,15,A34,A45,2186,A61,A74,4,A94,A101,4,A123,33,A143,A152,1,A172,1,A192,A201,1
A11,24,A34,A41,9768,A61,A75,2,A93,A101,4,A122,31,A143,A153,2,A174,1,A191,A201,1
A14,12,A32,A46,719,A61,A75,4,A93,A101,4,A123,41,A141,A152,1,A172,2,A191,A201,2
A12,46,A33,A43,2629,A65,A73,4,A91,A101,4,A121,25,A143,A152,2,A172,1,A191,A201,1
A14,36,A34,A41,10477,A65,A75,2,A93,A101,4,A124,42,A143,A153,2,A173,1,A191,A201,1
A13,12,A32,A43,4210,A61,A73,4,A93,A101,2,A123,26,A143,A152,1,A173,1,A191,A201,1
A14,24,A33,A49,8648,A61,A72,2,A93,A101,2,A123,27,A143,A152,2,A173,1,A192,A201,1
A12,12,A34,A46,1136,A65,A75,4,A93,A101,3,A123,32,A143,A152,2,A173,1,A191,A201,1
A14,24,A34,A40,15241,A62,A73,2,A92,A101,3,A121,27,A143,A152,2,A173,1,A191,A201,1
A14,18,A34,A43,6070,A61,A75,1,A93,A101,4,A123,33,A143,A152,2,A173,1,A192,A201,2
A12,14,A32,A49,1410,A61,A75,4,A94,A101,2,A123,24,A143,A152,1,A174,1,A191,A201,1
A12,24,A33,A410,14009,A62,A75,4,A93,A101,4,A123,31,A143,A152,2,A173,1,A191,A201,1
A11,36,A32,A41,5493,A61,A75,2,A93,A101,4,A122,42,A143,A152,1,A173,1,A191,A201,1
A14,24,A32,A40,14001,A61,A73,4,A94,A101,2,A123,43,A143,A152,2,A172,1,A192,A201,1
A11,24,A32,A42,2483,A61,A73,4,A92,A101,4,A122,22,A143,A152,1,A173,1,A192,A201,1
A13,20,A32,A43,1346,A61,A73,4,A93,A101,2,A123,42,A143,A151,1,A173,1,A192,A201,1
A13,24,A32,A42,2251,A61,A73,4,A92,A101,2,A123,46,A143,A152,1,A172,1,A191,A201,1
A14,10,A32,A42,1275,A61,A72,4,A92,A101,2,A121,23,A143,A152,1,A173,1,A191,A201,1
A12,12,A33,A40,2862,A65,A75,4,A93,A101,3,A123,30,A143,A152,1,A173,1,A191,A201,2
A11,18,A32,A44,1217,A61,A73,4,A94,A101,3,A123,47,A143,A152,1,A172,1,A192,A201,1
A12,24,A32,A45,454,A61,A72,1,A94,A101,3,A123,22,A143,A152,1,A173,1,A191,A201,1
A14,24,A33,A40,2538,A61,A75,4,A93,A101,4,A123,47,A143,A152,2,A172,1,A191,A201,1
A11,46,A32,A410,571,A61,A74,4,A93,A101,4,A122,42,A143,A152,2,A173,1,A192,A201,1
A13,22,A32,A40,1494,A61,A73,4,A93,A101,4,A123,25,A143,A152,1,A172,1,A191,A201,1
A11,12,A34,A43,1138,A61,A73,4,A93,A101,4,A123,25,A143,A152,2,A172,1,A191,A201,1
A11,24,A32,A43,3660,A61,A73,2,A92,A101,4,A123,28,A143,A152,1,A173,1,A191,A201,1
A14,24,A32,A40,10155,A65,A74,4,A93,A101,4,A122,30,A143,A152,1,A173,1,A192,A201,1
A11,21,A32,A41,8229,A61,A73,2,A93,A101,2,A123,26,A143,A152,1,A173,1,A191,A201,1
A14,24,A32,A41,3378,A61,A75,4,A93,A101,2,A123,47,A143,A153,1,A173,1,A192,A201,1
A12,9,A32,A46,1199,A61,A74,4,A92,A101,4,A123,67,A143,A152,2,A174,1,A192,A201,1
A12,24,A32,A40,13290,A61,A74,4,A93,A101,4,A123,26,A143,A152,1,A173,1,A191,A201,1
A13,30,A34,A43,3656,A65,A72,4,A93,A101,4,A121,24,A143,A152,1,A172,1,A191,A201,1
A14,24,A33,A49,9572,A61,A72,4,A94,A101,1,A123,28,A143,A152,2,A173,1,A191,A201,1
A13,21,A34,A40,2923,A65,A73,4,A92,A101,4,A123,28,A143,A152,2,A174,1,A192,A201,1
A11,24,A32,A42,2996,A61,A73,2,A94,A101,4,A123,20,A143,A152,1,A173,1,A191,A201,1
A12,48,A34,A42,5096,A61,A73,2,A92,A101,3,A123,30,A143,A152,1,A174,1,A192,A201,1
A12,15,A34,A42,6361,A61,A75,2,A93,A101,1,A121,41,A143,A152,1,A173,1,A191,A201,2
A12,15,A32,A40,6850,A61,A73,4,A93,A101,2,A123,34,A143,A152,1,A174,1,A192,A201,1
A12,15,A34,A42,6361,A61,A72,2,A93,A101,3,A124,41,A141,A152,1,A172,1,A191,A201,1
A14,30,A32,A40,1283,A65,A75,4,A92,A101,1,A123,25,A143,A152,1,A173,1,A191,A201,1
A14,24,A32,A42,4151,A65,A73,4,A93,A101,3,A122,33,A143,A152,2,A174,1,A191,A201,1
A12,38,A32,A43,5084,A65,A75,2,A93,A101,3,A123,42,A143,A152,2,A173,1,A191,A201,1
A14,24,A34,A43,797,A61,A75,4,A92,A101,3,A123,33,A143,A152,1,A172,1,A191,A201,1
A12,12,A32,A42,2030,A61,A74,2,A93,A101,4,A123,24,A143,A152,1,A174,1,A191,A201,1
A14,36,A34,A410,1098,A65,A73,4,A92,A101,2,A123,30,A143,A152,1,A173,1,A191,A201,1
A14,12,A34,A43,2337,A61,A75,4,A93,A101,4,A123,36,A143,A152,1,A173,1,A191,A201,2
A14,15,A34,A41,3594,A61,A72,4,A92,A101,4,A123,30,A143,A152,2,A174,1,A192,A201,1
A12,9,A32,A46,1199,A61,A74,4,A92,A101,4,A122,67,A143,A152,2,A174,1,A192,A201,1
A12,24,A32,A42,3069,A61,A75,4,A93,A101,4,A122,30,A143,A152,1,A173,1,A191,A201,2
A14,24,A32,A410,2828,A61,A73,2,A93,A101,4,A123,22,A143,A152,1,A173,1,A192,A201,1
A12,30,A34,A40,2063,A61,A73,4,A94,A101,3,A123,39,A143,A152,1,A173,1,A192,A201,1
A14,24,A32,A410,12180,A65,A73,4,A93,A101,4,A123,26,A143,A152,1,A174,1,A191,A201,1
A14,24,A34,A43,700,A61,A75,2,A94,A101,4,A123,36,A143,A152,2,A173,1,A191,A201,1
A14,24,A34,A45,5507,A61,A75,1,A93,A101,4,A122,42,A143,A152,2,A173,1,A191,A201,1
A12,15,A32,A45,1308,A61,A75,4,A93,A101,4,A123,38,A143,A152,2,A172,1,A191,A201,1
A14,15,A32,A44,874,A65,A72,4,A92,A101,1,A121,24,A143,A152,1,A173,1,A191,A201,1
A13,15,A34,A40,1343,A61,A73,4,A93,A101,4,A121,30,A143,A152,2,A173,1,A191,A201,1
A14,30,A34,A44,1503,A61,A74,2,A93,A101,1,A123,42,A143,A152,2,A172,1,A191,A201,1
A11,24,A32,A40,4817,A61,A74,2,A93,A101,3,A121,31,A143,A152,1,A173,1,A192,A201,1
A11,24,A32,A40,1168,A61,A73,4,A94,A101,3,A123,27,A143,A152,1,A172,1,A191,A201,2
A12,21,A32,A40,3577,A62,A73,4,A94,A101,2,A123,26,A143,A152,1,A173,1,A191,A201,1
A13,24,A32,A41,1424,A61,A73,1,A94,A101,4,A123,22,A143,A152,1,A173,1,A192,A201,1
A12,24,A34,A40,3878,A61,A72,4,A94,A101,2,A123,37,A143,A152,1,A173,1,A192,A201,1
A12,8,A32,A42,907,A61,A72,1,A92,A101,2,A123,26,A143,A152,1,A173,1,A192,A201,1
A11,24,A32,A40,13511,A61,A74,2,A93,A101,3,A123,32,A143,A152,2,A173,1,A191,A201,1
A12,48,A32,A410,5381,A61,A73,1,A94,A101,4,A123,30,A143,A152,1,A173,1,A192,A201,1
A14,24,A34,A42,1098,A61,A73,4,A92,A101,4,A123,23,A143,A152,2,A171,1,A191,A201,2
A11,24,A34,A42,2246,A61,A75,1,A93,A101,3,A123,60,A143,A152,2,A173,1,A191,A201,1
A12,34,A32,A43,12987,A61,A73,4,A92,A101,3,A124,24,A143,A152,2,A172,1,A191,A201,1
A14,24,A34,A40,6761,A61,A75,2,A94,A101,1,A121,45,A142,A152,1,A173,1,A191,A201,1
A14,12,A34,A46,1244,A61,A75,2,A94,A101,4,A123,42,A143,A152,2,A172,1,A191,A201,1
A11,14,A32,A40,8978,A61,A75,4,A94,A101,4,A123,35,A143,A152,1,A174,1,A192,A201,1
A14,24,A34,A41,4042,A61,A75,1,A93,A101,4,A123,43,A143,A152,1,A173,1,A191,A201,1
A12,30,A34,A41,5280,A61,A73,1,A93,A101,4,A123,44,A143,A152,1,A173,1,A191,A201,1
A14,36,A34,A41,5711,A65,A75,4,A93,A101,2,A123,38,A143,A152,2,A174,1,A192,A201,1
A12,24,A32,A41,2390,A61,A75,4,A93,A101,3,A123,30,A143,A152,1,A173,1,A192,A201,2
A13,12,A32,A40,672,A61,A73,1,A93,A101,4,A122,30,A143,A152,1,A173,1,A191,A201,1
A12,24,A32,A40,1201,A61,A72,4,A93,A101,4,A121,26,A143,A152,1,A173,1,A191,A201,2
A14,12,A33,A42,2301,A61,A73,2,A93,A101,4,A123,22,A143,A151,1,A174,1,A191,A201,1
A12,24,A32,A41,2779,A61,A72,2,A94,A101,2,A123,21,A143,A152,1,A173,1,A192,A201,1
A11,15,A34,A42,1872,A61,A73,4,A93,A101,4,A123,35,A143,A152,1,A173,1,A191,A201,2
A12,24,A32,A42,1922,A61,A73,4,A93,A101,2,A123,37,A143,A152,1,A172,1,A191,A201,1
A13,24,A32,A45,1480,A61,A73,2,A93,A101,4,A122,42,A143,A152,2,A173,1,A191,A201,1
A14,24,A34,A45,5507,A61,A75,2,A93,A101,4,A122,44,A143,A152,2,A173,1,A191,A201,2
A12,51,A34,A44,1537,A65,A72,4,A92,A101,4,A122,24,A143,A152,2,A173,1,A192,A201,1
A11,24,A32,A43,674,A65,A74,4,A94,A101,4,A123,20,A143,A152,1,A173,1,A191,A201,1
A11,21,A34,A40,12508,A61,A74,2,A93,A101,4,A122,30,A143,A153,1,A173,1,A191,A201,1
A12,12,A32,A44,1158,A62,A73,4,A94,A101,1,A123,26,A143,A152,1,A173,1,A191,A201,1
A12,42,A32,A49,2622,A62,A73,4,A93,A101,4,A123,34,A143,A152,1,A174,1,A191,A201,1
A12,60,A33,A43,9157,A61,A73,2,A93,A101,2,A123,27,A143,A152,1,A174,1,A191,A201,2
A11,24,A32,A42,3345,A61,A75,4,A93,A101,2,A123,39,A143,A152,1,A174,1,A192,A201,1
A14,24,A32,A49,11192,A61,A72,2,A93,A101,4,A121,37,A143,A152,2,A172,1,A191,A201,1
A14,24,A32,A42,1123,A61,A73,4,A92,A101,4,A123,25,A143,A152,1,A172,1,A191,A201,1
A14,15,A34,A42,2221,A65,A73,2,A92,A101,4,A123,57,A143,A151,2,A173,1,A191,A201,1
A12,24,A32,A45,7409,A61,A75,4,A94,A101,2,A123,37,A143,A152,2,A172,1,A191,A201,1
A12,27,A32,A42,5190,A61,A75,4,A92,A101,4,A122,23,A143,A152,2,A173,1,A192,A201,1
A11,24,A34,A42,13640,A61,A73,2,A92,A101,3,A123,30,A143,A152,2,A173,1,A192,A201,1
A11,24,A34,A41,10979,A65,A75,4,A93,A101,4,A122,30,A143,A152,2,A173,1,A192,A201,1
A14,24,A34,A42,3331,A61,A75,2,A92,A101,4,A123,42,A143,A152,1,A173,1,A191,A201,2
A14,20,A34,A40,3485,A62,A73,4,A94,A101,4,A123,30,A143,A152,2,A173,1,A192,A201,1
A11,10,A34,A42,2132,A61,A72,4,A92,A101,3,A123,27,A143,A151,2,A173,1,A191,A201,1
A11,24,A32,A43,1498,A61,A73,4,A92,A101,4,A123,23,A143,A152,1,A173,1,A191,A201,1
A11,36,A34,A40,2625,A61,A75,2,A93,A101,4,A123,43,A143,A152,1,A173,1,A192,A201,1
A14,10,A32,A41,13774,A65,A73,1,A92,A101,2,A123,22,A142,A151,2,A172,1,A191,A201,1
A14,12,A34,A42,1924,A61,A72,2,A92,A101,3,A123,27,A143,A152,1,A173,1,A191,A201,2
A14,18,A34,A42,1817,A61,A73,2,A92,A101,2,A123,28,A143,A152,2,A173,1,A191,A201,1
A13,24,A33,A40,2247,A61,A73,2,A93,A101,2,A123,30,A143,A152,2,A173,1,A192,A201,1
A12,35,A32,A43,1126,A61,A72,2,A92,A101,4,A123,21,A143,A152,1,A173,1,A191,A201,1
A13,30,A34,A43,1237,A65,A73,4,A94,A101,3,A123,44,A143,A152,2,A173,1,A191,A201,1
A11,12,A34,A40,731,A61,A75,4,A93,A101,4,A123,47,A143,A152,2,A172,1,A191,A201,1
A14,30,A32,A42,2515,A65,A74,2,A92,A101,4,A123,43,A143,A152,1,A173,1,A192,A201,1
A11,60,A34,A49,8471,A65,A73,4,A94,A101,2,A121,33,A143,A152,1,A173,1,A192,A201,1
A14,15,A32,A41,3029,A61,A74,2,A93,A101,2,A123,33,A143,A152,1,A173,1,A191,A201,1
